Date,Ticker,Close,High,Low,Open,Volume
2024-01-02,AAPL,183.40399169921875,186.1702691079172,181.6750702031571,184.89579853453512,82488700
2024-01-03,AAPL,182.0307464599609,183.64111826756877,181.22061595613368,182.0011090098209,58414500
2024-01-04,AAPL,179.71893310546875,180.88471299934187,178.70134046081682,179.95603270422265,71983600
2024-01-05,AAPL,178.99771118164062,180.5586821654936,177.99988188294327,179.79796753554595,62379700
2024-01-08,AAPL,183.32498168945312,183.36450834315932,179.313885613353,179.89677561800764,59144500
2024-01-09,AAPL,182.9100341796875,182.9199083051763,180.52905841182087,181.7047275700206,42841800
2024-01-10,AAPL,183.9473571777344,184.154819300754,181.70469494439152,182.1295234641428,46792900
2024-01-11,AAPL,183.3546142578125,184.7970355796361,181.4083411771675,184.2931687458137,49128400
2024-01-12,AAPL,183.6806182861328,184.49074873898917,182.95941525310155,183.818931403084,40477800
2024-01-16,AAPL,181.41824340820312,182.04064501968628,178.75075193755313,179.9659478564055,65603000
2024-01-17,AAPL,180.4796600341797,180.72664884969063,178.12833676151584,179.08665457169852,47317400
2024-01-18,AAPL,186.35801696777344,186.86186875433012,183.59173905481111,183.84860201119264,78005800
2024-01-19,AAPL,189.2527008056641,189.6380027410588,186.5457131326349,187.0495648712278,68903000
2024-01-22,AAPL,191.55462646484372,192.97728431537945,189.94425472083472,189.9837813694604,60133900
2024-01-23,AAPL,192.82911682128903,193.392258603415,191.4953861517841,192.67105542323813,42355600
2024-01-24,AAPL,192.1572723388672,194.0146328029546,191.99919590043444,193.06618924735707,53631300
2024-01-25,AAPL,191.83128356933597,193.9059957810049,190.78405333725613,192.8686396751704,54822100
2024-01-26,AAPL,190.1023712158203,192.41418317249008,189.62815685740148,191.9300946873343,44594000
2024-01-29,AAPL,189.4206695556641,189.8850097627336,187.29657164460275,189.6972958396627,47145600
2024-01-30,AAPL,185.77508544921875,189.4898065747188,185.21195883551243,188.64016451675863,55859400
2024-01-31,AAPL,182.17893981933597,184.846431021382,182.12955411744667,184.7871410441138,55467800
2024-02-01,AAPL,184.6093292236328,184.69824158324056,181.6059517240919,181.77390231724044,64885400
2024-02-02,AAPL,183.6114501953125,185.0736194333644,177.0909409019771,177.69359407931566,102551700
2024-02-05,AAPL,185.41944885253903,186.9705459545833,183.6016146657499,185.8837890630235,69668800
2024-02-06,AAPL,187.0199432373047,187.02981736340612,184.5204175084795,184.6093298683978,43490800
2024-02-07,AAPL,187.1286163330078,188.74886241631052,186.33824908078665,188.3437971267345,53439000
2024-02-08,AAPL,186.05172729492188,187.25701874915856,185.09340956143063,187.1088315017113,40962000
2024-02-09,AAPL,186.8134307861328,187.94113632063824,185.97259122428568,186.61557552858977,45155200
2024-02-12,AAPL,185.1317596435547,186.63537211912904,184.7756412965565,186.38806813077576,41781900
2024-02-13,AAPL,183.0445251464844,184.20192116931864,181.5310258479947,183.76666370675508,56529500
2024-02-14,AAPL,182.16409301757807,183.52921572281525,180.4725423642709,183.32148884677065,54630500
2024-02-15,AAPL,181.87722778320312,182.5004386022798,179.3943014199978,181.57057328309747,65434500
2024-02-16,AAPL,180.3439483642578,182.8565652037317,179.7108507918506,181.44197861733377,49752500
2024-02-20,AAPL,179.60205078125,180.46266385305907,178.0588762686663,179.82956623009554,53665600
2024-02-21,AAPL,180.3538818359375,180.91772714904744,178.71177953067104,179.97797489770463,41371400
2024-02-22,AAPL,182.3817443847656,182.96539328132977,180.4923533451292,181.5013427712477,52292200
2024-02-23,AAPL,180.55172729492188,183.04454100592469,180.26484617235863,183.01486573038227,45119700
2024-02-26,AAPL,179.2063446044922,180.7890808867176,178.70183486744935,180.2746995194681,40867400
2024-02-27,AAPL,180.66050720214844,181.93658908973129,177.62360710096542,179.1470080612827,54318900
2024-02-28,AAPL,179.46356201171875,181.145226165725,178.18748003378263,180.54180381169616,48953900
2024-02-29,AAPL,178.80079650878906,180.60117691942327,177.59395175081718,179.3151930681472,136682600
2024-03-01,AAPL,177.7225341796875,178.5831471920378,175.46712311031385,177.6137198257161,73563100
2024-03-04,AAPL,173.21170043945312,174.9922768844708,171.91581500377694,174.25036500096817,81510100
2024-03-05,AAPL,168.28538513183594,170.18467763470022,167.7907772375202,168.9184826327907,95132400
2024-03-06,AAPL,167.29620361328125,169.39335177885377,166.8609461620447,169.2152850514215,68587700
2024-03-07,AAPL,167.17747497558594,168.88881413208614,166.67298033709926,167.32585131213037,71765100
2024-03-08,AAPL,168.8888397216797,171.82681238429842,167.11814976227143,167.17750030588184,76267000
2024-03-11,AAPL,170.88705444335938,172.49948126334272,170.1946063009313,171.07500788792643,60139500
2024-03-12,AAPL,171.3618621826172,172.15323790323208,169.16580172767317,171.28272310113206,59825400
2024-03-13,AAPL,169.28453063964844,171.3223130850131,168.91851047344855,170.90684419661972,52488700
2024-03-14,AAPL,171.13433837890625,172.43020869953008,170.1945863604126,171.04531257693264,72913500
2024-03-15,AAPL,170.75843811035156,170.75843811035156,168.4535633292171,169.32407812222547,121752700
2024-03-18,AAPL,171.84661865234375,175.7935962460948,171.64877845516034,173.67667443832926,75604200
2024-03-19,AAPL,174.18113708496094,174.70542030322298,171.16402557801365,172.45989598897214,55215200
2024-03-20,AAPL,176.74319458007812,176.74319458007812,173.20180001631465,173.82501083363408,53423100
2024-03-21,AAPL,169.5219268798828,175.57593855649498,168.99764365136926,175.14068113790177,106181300
2024-03-22,AAPL,170.422119140625,171.18381963278856,168.22605856941686,169.90772263085665,71160100
2024-03-25,AAPL,169.00753784179688,170.08577952012527,167.6226265638577,168.7305586050563,54288300
2024-03-26,AAPL,167.87985229492188,169.57140318495337,167.75124938607289,168.16671829054096,57388400
2024-03-27,AAPL,171.44102478027344,171.7279058767874,168.27553655784754,168.57230438056465,60273300
2024-03-28,AAPL,169.6307373046875,170.37264922530974,168.67119667981044,169.89782982249778,65672700
2024-04-01,AAPL,168.19638061523438,169.40322523760474,167.65230884379906,169.3438746978549,46240500
2024-04-02,AAPL,167.01922607421875,167.51383407497934,166.4158037095213,167.2566433485096,49329500
2024-04-03,AAPL,167.8204803466797,168.83937157047524,166.7620271262386,166.9697540235435,47691700
2024-04-04,AAPL,166.9994354248047,170.06599565718972,166.9994354248047,168.4535689105981,53704400
2024-04-05,AAPL,167.75123596191406,168.5524984345705,167.12802510796487,167.7611226870966,42104800
2024-04-08,AAPL,166.63340759277344,167.37531948329715,166.425680716199,167.20715459942008,37425500
2024-04-09,AAPL,167.84024047851562,168.24582257310013,166.5344834909376,166.8806999592474,42373800
2024-04-10,AAPL,165.97064208984375,167.2665125006067,165.30786924976792,166.9796465317702,49709300
2024-04-11,AAPL,173.15232849121094,173.56781241373886,166.34653399230652,166.52458559261677,91070300
2024-04-12,AAPL,174.64608764648438,176.43656618963917,172.33132583138607,172.38077455594663,101670900
2024-04-15,AAPL,170.82766723632812,174.72517963690404,170.63971383210225,173.46887143042125,73531800
2024-04-16,AAPL,167.55337524414062,171.88613013777277,166.45534511410173,169.89781183493915,73711200
2024-04-17,AAPL,166.18826293945312,168.80967890645843,166.18826293945312,167.780901063059,50901200
2024-04-18,AAPL,165.23861694335938,166.8213684176903,164.75391081370103,166.21794611620325,43122900
2024-04-19,AAPL,163.2206268310547,164.60552308162335,162.31054999578998,164.41758473594675,68149400
2024-04-22,AAPL,164.0515594482422,165.45624419964858,162.99310629576294,163.73501821268977,48116400
2024-04-23,AAPL,165.10011291503906,165.24850434331734,163.1414698344962,163.5668404824781,49537800
2024-04-24,AAPL,167.197265625,167.4742448528629,164.41757152765254,164.7439994721628,48251800
2024-04-25,AAPL,168.05789184570312,168.77012851479734,166.33665071301928,167.70177351115603,50558300
2024-04-26,AAPL,167.47425842285156,169.49225225997063,167.35554224826544,168.04800546826704,44838400
2024-04-29,AAPL,171.6289520263672,174.1316669492416,171.2332717193323,171.50034913417457,68169400
2024-04-30,AAPL,168.49314880371094,173.10289859543835,168.1667057400835,171.46079655206535,65934800
2024-05-01,AAPL,167.47425842285156,170.84748833564953,167.28630498280754,167.75123767315736,50383100
2024-05-02,AAPL,171.1640167236328,171.5498103000238,169.04709541575278,170.64962025703286,94214900
2024-05-03,AAPL,181.40240478515625,184.9833612803204,180.6901681758964,184.6371297001228,163224100
2024-05-06,AAPL,179.75045776367188,182.21359610453808,178.47436058739535,180.38355544132992,78569700
2024-05-07,AAPL,180.4329833984375,182.90602327557747,179.36464345444207,181.4716631656838,77305800
2024-05-08,AAPL,180.7693023681641,181.09574539643796,179.49320552179933,180.878116710922,45057100
2024-05-09,AAPL,182.5795745849609,182.6686003878229,180.14609698041687,180.59124108896245,48983000
2024-05-10,AAPL,181.3215789794922,183.34230991411323,180.4102677646858,183.1541015442068,50759500
2024-05-13,AAPL,184.5210723876953,185.3333368917867,182.87674310968825,183.6890076137796,72044800
2024-05-14,AAPL,185.66018676757807,186.52198207892377,184.5309518112327,185.7394331821104,52393600
2024-05-15,AAPL,187.9285888671875,188.849800179078,185.6007724639543,186.13568203158252,70400000
2024-05-16,AAPL,188.04747009277344,189.29558246787192,187.86917696188,188.6715262803227,52845200
2024-05-17,AAPL,188.07716369628903,189.0082902438942,187.3936765447615,187.72056236134895,41282900
2024-05-20,AAPL,189.2361297607422,190.10782534306236,187.2252989090168,187.54228461702792,44361300
2024-05-21,AAPL,190.5337677001953,190.9101693246029,189.11726241831752,189.28565540299903,42309400
2024-05-22,AAPL,189.09744262695312,190.9993265483893,188.4734016076069,190.45451683728567,34648500
2024-05-23,AAPL,185.11541748046875,189.19651013997455,184.8677780692908,189.1766947549615,51005900
2024-05-24,AAPL,188.1861572265625,188.78049792280623,186.26447277204772,187.03712172304927,36327000
2024-05-28,AAPL,188.196044921875,191.1776178733189,187.31444925751387,189.7016815997372,52280100
2024-05-29,AAPL,188.49319458007807,190.4346940804733,187.72056087959157,187.81962268312432,53068000
2024-05-30,AAPL,189.48377990722656,190.3653756748288,188.8300232981759,188.9587855239753,49889100
2024-05-31,AAPL,190.4347076416016,190.7516933437122,188.1168063750808,189.6323583658605,75158300
2024-06-03,AAPL,192.1978912353516,193.14883318833756,190.7021546904014,191.07855630297723,50080500
2024-06-04,AAPL,192.51487731933597,193.4757194090645,191.2073340206378,192.80213237542048,47471400
2024-06-05,AAPL,194.0205078125,195.0407809078553,193.02995023528447,193.554944542032,54156800
2024-06-06,AAPL,192.6436462402344,194.64457691185424,192.33657578915964,193.8422276391208,41181800
2024-06-07,AAPL,195.0308837890625,195.08041469163095,192.30685040959915,192.81202934049517,53103900
2024-06-10,AAPL,191.29649353027344,195.43703247512377,190.33565137548777,195.0408003359433,97010200
2024-06-11,AAPL,205.19400024414065,205.2039154935281,191.8016724106265,191.82147267998263,172373300
2024-06-12,AAPL,211.05812072753903,218.1207863262847,204.9463668712596,205.4119301648784,198134300
2024-06-13,AAPL,212.2170867919922,214.70338117421304,209.6020150722442,212.71236564129836,97862700
2024-06-14,AAPL,210.4835968017578,213.13828400218216,209.3048308005582,211.8307557867417,70122700
2024-06-17,AAPL,214.6241149902344,216.88258512602053,210.71141546378877,211.35527186274084,93728300
2024-06-18,AAPL,212.2665863037109,216.5656178731208,210.9887736209857,215.5354294813442,79943300
2024-06-20,AAPL,207.7001190185547,212.2170745602359,206.8779694770392,211.90998899500863,86172500
2024-06-21,AAPL,205.5308074951172,209.88925500861836,205.1543907600995,208.4034185679189,241805100
2024-06-24,AAPL,206.17465209960935,210.69159220230492,204.63928484253907,205.75861973380412,80727000
2024-06-25,AAPL,207.0959014892578,209.3840873125504,206.64023830581655,207.1751328027417,55549700
2024-06-26,AAPL,211.2364044189453,212.8312027309874,208.65104852463384,209.5029286499739,66213200
2024-06-27,AAPL,212.078369140625,213.70288285399727,210.3448934964597,212.6627944445565,49772700
2024-06-28,AAPL,208.63124084472656,214.0297919592074,208.3142702663448,213.7326216506115,82542700
2024-07-01,AAPL,214.703369140625,215.4561875080808,209.91897391071572,210.0873668962765,60402900
2024-07-02,AAPL,218.1901397705078,218.29910171758144,213.068958487467,214.1090319376032,58046200
2024-07-03,AAPL,219.45803833007807,219.45803833007807,216.96182895702523,217.92267103394252,37369800
2024-07-05,AAPL,224.20281982421875,224.3117817727132,219.5571019247804,219.5571019247804,60412400
2024-07-08,AAPL,225.6688537597656,225.69856928044197,221.1419979904105,224.9457357840812,59085900
2024-07-09,AAPL,226.5207061767578,227.23390886254344,224.23252052432463,225.7777879719569,48076100
2024-07-10,AAPL,230.78009033203125,230.87915213144032,227.08531495764143,227.134845857346,62627700
2024-07-11,AAPL,225.42123413085935,230.1957146200309,223.6382271602243,229.20515687131277,64710600
2024-07-12,AAPL,228.3631591796875,230.44333633793116,226.52072130415215,226.75846058686048,53046500
2024-07-15,AAPL,232.1866912841797,234.989971056324,230.8890632695025,234.2470528694744,62631300
2024-07-16,AAPL,232.6027374267578,234.03904289009893,230.1362436193629,232.7810305355119,43234300
2024-07-17,AAPL,226.71885681152344,229.27449755440023,224.5000020674329,227.28346685481677,57345900
2024-07-18,AAPL,222.06321716308597,228.26411801705945,220.17126344980832,228.10562515807683,66034600
2024-07-19,AAPL,222.1919860839844,224.65848009632384,221.1717129043359,222.6971801635164,49151500
2024-07-22,AAPL,221.84527587890625,225.6291978658938,220.98348053112068,224.86646431913928,48201800
2024-07-23,AAPL,222.88536071777344,224.7971447504236,220.57735968997056,222.25140445670337,39960300
2024-07-24,AAPL,216.47645568847656,222.67735606492835,215.0797809310421,221.8849069457516,61777600
2024-07-25,AAPL,215.4363555908203,218.7646293872906,212.5934452947531,216.8627456909865,51391200
2024-07-26,AAPL,215.9019470214844,217.417498981548,213.9703475571551,216.6349499920164,41601300
2024-07-29,AAPL,216.17930603027344,217.22929471632008,213.7128120512828,214.91139345300465,36311800
2024-07-30,AAPL,216.7340240478516,218.2495760935564,214.0793215979517,217.1203409396055,41643800
2024-07-31,AAPL,219.98301696777344,221.70659250258416,218.546711579452,219.349060756356,50036300
2024-08-01,AAPL,216.29815673828125,222.36036437427163,214.97081319041695,222.2514024343897,62501000
2024-08-02,AAPL,217.7840118408203,223.4698183577824,215.6543188775265,217.0807092384795,105568600
2024-08-05,AAPL,207.2939910888672,211.484045462397,194.1492876376104,197.21010696314244,119548600
2024-08-06,AAPL,205.2732391357422,208.00718767754023,199.1714160471065,203.3614702980554,69660500
2024-08-07,AAPL,207.8388214111328,211.62274392073397,204.4412006806638,204.94637966039352,63516400
2024-08-08,AAPL,211.2958526611328,212.17744837655164,206.8581585633277,211.097744151489,47161100
2024-08-09,AAPL,214.19821166992188,214.7331062003749,209.9685258775167,210.09730322074367,42201600
2024-08-12,AAPL,215.7254180908203,217.68898821235916,213.81143620679725,214.27753840147545,38028100
2024-08-13,AAPL,219.43438720703125,220.04923895369575,217.19312608520667,217.19312608520667,44155300
2024-08-14,AAPL,219.8806610107422,221.17979111862687,217.8774142480331,218.7402072098891,41960600
2024-08-15,AAPL,222.8557586669922,223.48053712623224,220.9120118672479,222.7367590108339,46414000
2024-08-16,AAPL,224.1747131347656,224.94824111633488,221.79461423345728,222.06237857544767,44340200
2024-08-19,AAPL,224.0160369873047,224.1152134494971,221.18967426906008,223.84744910734045,40687800
2024-08-20,AAPL,224.63092041015625,225.28544883578485,223.5797163441377,223.8970689622142,30299000
2024-08-21,AAPL,224.5218505859375,226.08874521756795,223.1830588416645,224.64086539349128,34765500
2024-08-22,AAPL,222.66732788085935,226.44571820828537,222.04254943445835,225.90027790842765,43695300
2024-08-23,AAPL,224.9581756591797,226.32673228874265,222.46900358067504,223.78797197411373,38677300
2024-08-26,AAPL,225.2953338623047,225.39451032680955,222.0326339780686,224.8788199493514,30602200
2024-08-27,AAPL,226.13829040527344,226.95149505120295,223.0243400581704,224.1251322421701,35934600
2024-08-28,AAPL,224.6110992431641,227.95313769677003,223.80780609600177,226.02922904592305,38052200
2024-08-29,AAPL,227.8837127685547,230.98775191089825,226.9812734022471,228.1911537968638,51906300
2024-08-30,AAPL,227.10025024414065,228.4886300006117,225.59285569982603,228.28038060324323,52990800
2024-09-03,AAPL,220.92193603515625,227.10024860517052,219.33520335446548,226.65398476754007,50190600
2024-09-04,AAPL,219.0178680419922,219.94014563997789,215.67581475954933,219.82114598403248,43840200
2024-09-05,AAPL,220.53518676757807,223.6094607351492,219.6823205428289,219.79140861107143,36615400
2024-09-06,AAPL,218.9881134033203,223.3714438451236,217.9468210396507,222.0921370424939,48423000
2024-09-09,AAPL,219.077392578125,219.4344067184307,214.91223769602945,218.98814282610013,67180000
2024-09-10,AAPL,218.28399658203125,219.6426263973432,214.93203178151688,217.1038662465979,51591000
2024-09-11,AAPL,220.8128967285156,221.23932234043372,216.0824626878881,219.62285452134475,44587100
2024-09-12,AAPL,220.92193603515625,221.6954640556368,217.99641184157417,220.65417167969628,37455600
2024-09-13,AAPL,220.6541748046875,222.18139254741288,220.06907298412548,221.72521710949164,36766600
2024-09-16,AAPL,214.52545166015625,215.41797935337752,212.14535259122516,214.7436126542421,59357400
2024-09-17,AAPL,214.99156188964844,215.10064996456288,212.72056577105596,213.96019610771708,45519300
2024-09-18,AAPL,218.8592071533203,220.86245391858552,215.7353297749969,215.7452565018275,59894900
2024-09-19,AAPL,226.9713287353516,227.913459803403,222.7665127356472,223.12352684243388,66781300
2024-09-20,AAPL,226.3069000244141,231.15633305592988,225.7317097608303,228.06222073119503,318679900
2024-09-23,AAPL,224.5912628173828,227.54653724680347,223.93673438033483,225.45404067299685,54146000
2024-09-24,AAPL,225.48377990722656,227.4473651253421,223.85738561877668,226.75316007712863,43556100
2024-09-25,AAPL,224.49208068847656,225.4044467600896,222.1615848378298,223.064024182576,42308700
2024-09-26,AAPL,225.63253784179688,226.6044036950252,223.54004142995944,225.41436171300208,36636700
2024-09-27,AAPL,225.90028381347656,227.6159429044405,225.41435845997736,226.56473891662023,34026000
2024-09-30,AAPL,231.0670623779297,231.0670623779297,227.7448474882838,228.1316114938428,54541900
2024-10-01,AAPL,224.3334197998047,227.74486962890148,221.88390914906276,227.6159583693189,63285000
2024-10-02,AAPL,224.898681640625,225.4837834982784,221.1698792236784,224.0160654907427,32880600
2024-10-03,AAPL,223.7978973388672,224.92843958391967,221.46740141968135,223.2722952944607,34044200
2024-10-04,AAPL,224.9185028076172,226.1085447535635,222.27065455992025,226.00936828631615,37245100
2024-10-07,AAPL,219.8509063720703,223.81772316941647,219.4938922550209,222.63759275105315,39505400
2024-10-08,AAPL,223.8970642089844,224.1053136194961,221.3979653574062,222.43925780658088,31855700
2024-10-09,AAPL,227.63580322265625,227.84406778827255,222.96488434399248,223.36156001957676,33591100
2024-10-10,AAPL,227.13992309570312,227.59611368544336,225.285441085757,225.89038125247492,28183500
2024-10-11,AAPL,225.66229248046875,227.5068628874906,225.4540279414576,227.3977748208096,31759200
2024-10-14,AAPL,229.38116455078125,229.80759005626183,226.703566469934,226.80272780199272,39882100
2024-10-15,AAPL,231.91001892089844,235.51982138099223,230.4422859002264,231.672004479983,64751400
2024-10-16,AAPL,229.857177734375,230.1943535005289,227.93326933706737,229.6786782577772,34082200
2024-10-17,AAPL,230.22413635253903,231.91004568892728,228.6076687095473,231.49351658619665,32993800
2024-10-18,AAPL,233.05050659179688,234.2207103827136,232.0687139036669,234.2207103827136,46431500
2024-10-21,AAPL,234.5181884765625,234.8851292946414,232.5050303027995,232.5050303027995,36254500
2024-10-22,AAPL,233.90335083007807,234.26036494372264,230.67040061866737,231.94969236544068,38846600
2024-10-23,AAPL,228.8456878662109,233.18935771421357,225.8705748486108,232.13815353581467,52287000
2024-10-24,AAPL,228.65724182128903,228.90516786821388,226.51515714412932,228.07212485007065,31109500
2024-10-25,AAPL,229.49026489257807,231.2852470135028,227.665532857223,227.8341207497304,38802300
2024-10-28,AAPL,231.4637451171875,232.78271346714027,230.6208056596869,231.38442210065008,36087100
2024-10-29,AAPL,231.73150634765625,232.38603471678388,230.39271482775456,231.1662428522856,35417200
2024-10-30,AAPL,228.19113159179688,231.5331697441292,227.64569128136463,230.68030356750916,47070900
2024-10-31,AAPL,224.0359039306641,227.92338265648337,223.5003751779276,227.43744214117888,64370100
2024-11-01,AAPL,221.060791015625,223.4805517303345,218.4426924836225,219.13688241025088,65276700
2024-11-04,AAPL,220.1682281494141,220.94175615916865,217.88732075932975,219.15670083339904,44944500
2024-11-05,AAPL,221.5962829589844,222.0921350198155,219.30544885909725,219.9599772111233,28111300
2024-11-06,AAPL,220.8723602294922,224.19457534628128,219.35505401685137,220.7632721624041,54561100
2024-11-07,AAPL,225.5928497314453,225.989540460088,222.70700223311508,222.76650205936048,42137700
2024-11-08,AAPL,225.32481384277344,227.0125627173092,224.77877343219785,225.53329235935945,38328800
2024-11-11,AAPL,222.614501953125,224.07391236142263,219.90417483008156,223.37895863100837,42005600
2024-11-12,AAPL,222.614501953125,223.9647042645822,221.7507748273854,222.93220374351736,40398300
2024-11-13,AAPL,223.49807739257807,225.0170530189228,221.1550798335016,222.3960739824012,48566200
2024-11-14,AAPL,226.5757598876953,227.22107081675756,223.37895759377813,223.39881774279925,44923900
2024-11-15,AAPL,223.3789520263672,225.2851172657963,222.65421566813876,224.7688594461005,47923700
2024-11-18,AAPL,226.37718200683597,228.08479108540536,223.54770942404784,223.62713486361545,44633700
2024-11-19,AAPL,226.6352996826172,228.5017596103349,225.0269762165604,225.34466282087317,36211800
2024-11-20,AAPL,227.35009765625,228.2733899080337,224.2625040209905,226.4168677573381,35169600
2024-11-21,AAPL,226.87359619140625,228.5017799491732,224.08384369933495,227.2310031211041,42108300
2024-11-22,AAPL,228.2138519287109,229.0577339975617,226.41689485035167,226.41689485035167,38168300
2024-11-25,AAPL,231.19224548339844,231.56951255942457,228.08480637706973,229.7924155701237,90152800
2024-11-26,AAPL,233.366455078125,233.87279036398945,231.6489234928732,231.6489234928732,45986200
2024-11-27,AAPL,233.2373809814453,233.99191506726265,232.12545514826604,232.78070364946956,33498400
2024-11-29,AAPL,235.62008666992188,236.0966241243161,232.2842941914573,233.1182385238603,28481400
2024-12-02,AAPL,237.8638153076172,239.0551666028684,235.45133007089743,235.5605381566453,48137100
2024-12-03,AAPL,240.90174865722656,241.01095673492532,237.17876666593097,238.0822139315433,38861000
2024-12-04,AAPL,241.25917053222656,242.35125137710352,239.51185632927687,241.12017980186528,44383900
2024-12-05,AAPL,241.2889709472656,242.77816394602772,240.3855387078128,242.232138632232,40033900
2024-12-06,AAPL,241.0903778076172,242.86748966267425,240.3358589246164,241.1598807416467,36870600
2024-12-09,AAPL,244.9722442626953,245.4587194212017,240.0082676818909,240.08769312504637,44649200
2024-12-10,AAPL,245.98487854003903,246.4217108653419,243.57237825215392,245.11121388943332,36914800
2024-12-11,AAPL,244.71409606933597,248.9930409884295,244.48574226451257,246.17350623578653,45205800
2024-12-12,AAPL,246.17352294921875,246.9479020514793,243.9099357862414,245.11122473397327,32777500
2024-12-13,AAPL,246.34228515625,247.49391610940148,244.46590277835176,246.0345210589055,33155300
2024-12-16,AAPL,249.23133850097656,249.5689004337868,245.86576286364547,246.2033247964557,51694800
2024-12-17,AAPL,251.6537322998047,252.0012166921119,247.98039295462075,248.2782345553336,51356400
2024-12-18,AAPL,246.2628631591797,252.44797328398425,245.95509905753715,250.34325221557475,56774100
2024-12-19,AAPL,247.9903106689453,250.18439476471843,245.30976661195103,245.71681628677703,60882300
2024-12-20,AAPL,252.65646362304688,253.16278373693368,243.9198625662762,246.2529222682656,147495300
2024-12-23,AAPL,253.43084716796875,253.80809906094288,251.62395254537785,252.93444954402884,40858800
2024-12-24,AAPL,256.3397216796875,256.34962902881983,253.45066898797964,253.64924013847912,23234700
2024-12-26,AAPL,257.15380859375,258.2260444048055,255.77383898408215,256.32980188696064,27237100
2024-12-27,AAPL,253.74855041503903,256.8361595932908,251.23677948504653,255.9724022209019,42355300
2024-12-30,AAPL,250.38296508789065,251.673601973938,248.9434149702759,250.4127477342041,35557500
2024-12-31,AAPL,248.6158142089844,251.4552095671021,247.6329413411861,250.62126509380025,39480700
2024-01-02,AMZN,149.92999267578125,152.3800048828125,148.38999938964844,151.5399932861328,47339400
2024-01-03,AMZN,148.47000122070312,151.0500030517578,148.3300018310547,149.1999969482422,49425500
2024-01-04,AMZN,144.57000732421875,147.3800048828125,144.0500030517578,145.58999633789062,56039800
2024-01-05,AMZN,145.24000549316406,146.58999633789062,144.52999877929688,144.69000244140625,45153100
2024-01-08,AMZN,149.10000610351562,149.39999389648438,146.14999389648438,146.74000549316406,46757100
2024-01-09,AMZN,151.3699951171875,151.7100067138672,148.2100067138672,148.3300018310547,43812600
2024-01-10,AMZN,153.72999572753906,154.4199981689453,151.8800048828125,152.05999755859375,44421800
2024-01-11,AMZN,155.17999267578125,157.1699981689453,153.1199951171875,155.0399932861328,49072700
2024-01-12,AMZN,154.6199951171875,156.1999969482422,154.00999450683594,155.38999938964844,40484200
2024-01-16,AMZN,153.16000366210938,154.99000549316406,152.14999389648438,153.52999877929688,41384600
2024-01-17,AMZN,151.7100067138672,152.14999389648438,149.91000366210938,151.49000549316406,34953400
2024-01-18,AMZN,153.5,153.77999877929688,151.82000732421875,152.77000427246094,37850200
2024-01-19,AMZN,155.33999633789062,155.75999450683594,152.74000549316406,153.8300018310547,51651600
2024-01-22,AMZN,154.77999877929688,157.0500030517578,153.89999389648438,156.88999938964844,43687500
2024-01-23,AMZN,156.02000427246094,156.2100067138672,153.92999267578125,154.85000610351562,37986000
2024-01-24,AMZN,156.8699951171875,158.50999450683594,156.47999572753906,157.8000030517578,48547300
2024-01-25,AMZN,157.75,158.50999450683594,154.5500030517578,156.9499969482422,43638600
2024-01-26,AMZN,159.1199951171875,160.72000122070312,157.91000366210938,158.4199981689453,51047400
2024-01-29,AMZN,161.25999450683594,161.2899932861328,158.89999389648438,159.33999633789062,45270400
2024-01-30,AMZN,159.0,161.72999572753906,158.49000549316406,160.6999969482422,45207400
2024-01-31,AMZN,155.1999969482422,159.00999450683594,154.80999755859375,157.0,50284400
2024-02-01,AMZN,159.27999877929688,159.75999450683594,155.6199951171875,155.8699951171875,76542400
2024-02-02,AMZN,171.80999755859375,172.5,167.3300018310547,169.19000244140625,117218300
2024-02-05,AMZN,170.30999755859375,170.5500030517578,167.6999969482422,170.1999969482422,55081300
2024-02-06,AMZN,169.14999389648438,170.7100067138672,167.64999389648438,169.38999938964844,42505500
2024-02-07,AMZN,170.52999877929688,170.8800048828125,168.94000244140625,169.47999572753906,47174100
2024-02-08,AMZN,169.83999633789062,171.42999267578125,168.8800048828125,169.64999389648438,42316500
2024-02-09,AMZN,174.4499969482422,175.0,170.5800018310547,170.89999389648438,56986000
2024-02-12,AMZN,172.33999633789062,175.38999938964844,171.5399932861328,174.8000030517578,51050400
2024-02-13,AMZN,168.63999938964844,170.9499969482422,165.75,167.72999572753906,56345100
2024-02-14,AMZN,170.97999572753906,171.2100067138672,168.27999877929688,169.2100067138672,42815500
2024-02-15,AMZN,169.8000030517578,171.1699981689453,167.58999633789062,170.5800018310547,49855200
2024-02-16,AMZN,169.50999450683594,170.4199981689453,167.1699981689453,168.74000549316406,48107700
2024-02-20,AMZN,167.0800018310547,168.7100067138672,165.74000549316406,167.8300018310547,41980300
2024-02-21,AMZN,168.58999633789062,170.22999572753906,167.13999938964844,168.94000244140625,44420100
2024-02-22,AMZN,174.5800018310547,174.8000030517578,171.77000427246094,173.10000610351562,55392400
2024-02-23,AMZN,174.99000549316406,175.75,173.6999969482422,174.27999877929688,59715200
2024-02-26,AMZN,174.72999572753906,176.3699951171875,174.25999450683594,175.6999969482422,44368600
2024-02-27,AMZN,173.5399932861328,174.6199951171875,172.86000061035156,174.0800018310547,31141700
2024-02-28,AMZN,173.16000366210938,174.0500030517578,172.27000427246094,172.44000244140625,28180500
2024-02-29,AMZN,176.75999450683594,177.22000122070312,172.85000610351562,173.00999450683594,53805400
2024-03-01,AMZN,178.22000122070312,178.72999572753906,176.07000732421875,176.75,31981200
2024-03-04,AMZN,177.5800018310547,180.13999938964844,177.49000549316406,177.52999877929688,37381500
2024-03-05,AMZN,174.1199951171875,176.92999267578125,173.3000030517578,176.92999267578125,37228300
2024-03-06,AMZN,173.50999450683594,176.4600067138672,173.25999450683594,175.5399932861328,32090900
2024-03-07,AMZN,176.82000732421875,177.99000549316406,173.72000122070312,174.8300018310547,34063300
2024-03-08,AMZN,175.35000610351562,178.7899932861328,174.3300018310547,176.44000244140625,37893200
2024-03-11,AMZN,171.9600067138672,174.47000122070312,171.47000122070312,174.30999755859375,28484800
2024-03-12,AMZN,175.38999938964844,176.75999450683594,171.97999572753906,173.5,36610600
2024-03-13,AMZN,176.55999755859375,177.6199951171875,175.5500030517578,175.89999389648438,30772600
2024-03-14,AMZN,178.75,179.52999877929688,176.47000122070312,177.69000244140625,43705800
2024-03-15,AMZN,174.4199981689453,177.92999267578125,173.89999389648438,176.63999938964844,72147400
2024-03-18,AMZN,174.47999572753906,176.69000244140625,174.27999877929688,175.8000030517578,31250700
2024-03-19,AMZN,175.89999389648438,176.08999633789062,173.52000427246094,174.22000122070312,26880900
2024-03-20,AMZN,178.14999389648438,178.52999877929688,174.63999938964844,176.13999938964844,29947200
2024-03-21,AMZN,178.14999389648438,181.4199981689453,178.14999389648438,179.99000549316406,32824300
2024-03-22,AMZN,178.8699951171875,179.25999450683594,176.75,177.75,27995400
2024-03-25,AMZN,179.7100067138672,180.9900054931641,177.24000549316406,178.00999450683594,29815500
2024-03-26,AMZN,178.3000030517578,180.4499969482422,177.9499969482422,180.1499938964844,29659000
2024-03-27,AMZN,179.8300018310547,180.0,177.30999755859375,179.8800048828125,33272600
2024-03-28,AMZN,180.3800048828125,181.6999969482422,179.25999450683594,180.1699981689453,38051600
2024-04-01,AMZN,180.97000122070312,183.0,179.9499969482422,180.7899932861328,29174500
2024-04-02,AMZN,180.69000244140625,180.7899932861328,178.3800048828125,179.07000732421875,32611500
2024-04-03,AMZN,182.41000366210935,182.8699951171875,179.8000030517578,179.89999389648438,31046600
2024-04-04,AMZN,180.0,185.1000061035156,180.0,184.0,41624300
2024-04-05,AMZN,185.07000732421875,186.2700042724609,181.97000122070312,182.3800048828125,42374000
2024-04-08,AMZN,185.19000244140625,187.2899932861328,184.80999755859372,186.8999938964844,39221300
2024-04-09,AMZN,185.6699981689453,187.33999633789065,184.1999969482422,187.2400054931641,36520100
2024-04-10,AMZN,185.9499969482422,186.2700042724609,182.6699981689453,182.7700042724609,35879200
2024-04-11,AMZN,189.0500030517578,189.7700042724609,185.50999450683597,186.7400054931641,40020700
2024-04-12,AMZN,186.1300048828125,188.3800048828125,185.0800018310547,187.72000122070312,38608800
2024-04-15,AMZN,183.6199951171875,188.69000244140625,183.0,187.42999267578125,48052400
2024-04-16,AMZN,183.32000732421875,184.8300018310547,182.25999450683597,183.2700042724609,32891300
2024-04-17,AMZN,181.27999877929688,184.57000732421875,179.82000732421875,184.30999755859372,31359700
2024-04-18,AMZN,179.22000122070312,182.38999938964844,178.64999389648438,181.47000122070312,30723800
2024-04-19,AMZN,174.6300048828125,179.0,173.44000244140625,178.74000549316406,56000700
2024-04-22,AMZN,177.22999572753906,178.8699951171875,174.55999755859375,176.94000244140625,37924900
2024-04-23,AMZN,179.5399932861328,179.92999267578125,175.97999572753906,178.0800018310547,37046500
2024-04-24,AMZN,176.58999633789062,180.32000732421875,176.17999267578125,179.94000244140625,34185100
2024-04-25,AMZN,173.6699981689453,173.9199981689453,166.32000732421875,169.67999267578125,49249400
2024-04-26,AMZN,179.6199951171875,180.82000732421875,176.1300048828125,177.8000030517578,43919800
2024-04-29,AMZN,180.9600067138672,183.52999877929688,179.38999938964844,182.75,54063900
2024-04-30,AMZN,175.0,182.9900054931641,174.8000030517578,181.08999633789065,94639800
2024-05-01,AMZN,179.0,185.1499938964844,176.55999755859375,181.63999938964844,94645100
2024-05-02,AMZN,184.72000122070312,185.1000061035156,179.91000366210938,180.8500061035156,54303500
2024-05-03,AMZN,186.2100067138672,187.8699951171875,185.4199981689453,186.9900054931641,39172000
2024-05-06,AMZN,188.6999969482422,188.75,184.8000030517578,186.27999877929688,34725300
2024-05-07,AMZN,188.75999450683597,189.94000244140625,187.30999755859372,188.9199981689453,34048900
2024-05-08,AMZN,188.0,188.42999267578125,186.38999938964844,187.44000244140625,26136400
2024-05-09,AMZN,189.5,191.6999969482422,187.44000244140625,188.8800048828125,43368400
2024-05-10,AMZN,187.47999572753903,189.88999938964844,186.92999267578125,189.16000366210935,34141800
2024-05-13,AMZN,186.57000732421875,188.30999755859372,185.3600006103516,188.0,24898600
2024-05-14,AMZN,187.07000732421875,187.72000122070312,183.4499969482422,183.82000732421875,38698200
2024-05-15,AMZN,185.9900054931641,186.72000122070312,182.72999572753903,185.97000122070312,75459900
2024-05-16,AMZN,183.6300048828125,187.30999755859372,183.4600067138672,185.6000061035156,38834500
2024-05-17,AMZN,184.6999969482422,185.3000030517578,183.3500061035156,183.75999450683597,33175700
2024-05-20,AMZN,183.5399932861328,186.6699981689453,183.27999877929688,184.33999633789065,30511800
2024-05-21,AMZN,183.1499938964844,183.25999450683597,180.75,182.3000030517578,50839100
2024-05-22,AMZN,183.1300048828125,185.22000122070312,181.97000122070312,183.8800048828125,28148800
2024-05-23,AMZN,181.0500030517578,184.75999450683597,180.0800018310547,183.66000366210935,33670200
2024-05-24,AMZN,180.75,182.44000244140625,180.3000030517578,181.6499938964844,27471600
2024-05-28,AMZN,182.1499938964844,182.2400054931641,179.49000549316406,179.92999267578125,29927000
2024-05-29,AMZN,182.0200042724609,184.0800018310547,181.5500030517578,181.6999969482422,32009300
2024-05-30,AMZN,179.32000732421875,181.33999633789065,178.36000061035156,181.30999755859372,29184700
2024-05-31,AMZN,176.44000244140625,179.2100067138672,173.8699951171875,178.3000030517578,58903900
2024-06-03,AMZN,178.33999633789062,178.6999969482422,175.9199981689453,177.6999969482422,30786600
2024-06-04,AMZN,179.33999633789062,179.82000732421875,176.44000244140625,177.63999938964844,27198400
2024-06-05,AMZN,181.27999877929688,181.5,178.75,180.10000610351562,32116400
2024-06-06,AMZN,185.0,185.0,181.4900054931641,181.75,31371200
2024-06-07,AMZN,184.3000030517578,186.2899932861328,183.3600006103516,184.8999938964844,28021500
2024-06-10,AMZN,187.05999755859372,187.22999572753903,183.7899932861328,184.07000732421875,34445600
2024-06-11,AMZN,187.22999572753903,187.7700042724609,184.5399932861328,187.05999755859372,27265100
2024-06-12,AMZN,186.88999938964844,188.3500061035156,185.42999267578125,188.0200042724609,33984200
2024-06-13,AMZN,183.8300018310547,187.6699981689453,182.6699981689453,186.08999633789065,39721500
2024-06-14,AMZN,183.66000366210935,183.72000122070312,182.22999572753903,183.0800018310547,25456400
2024-06-17,AMZN,184.05999755859372,185.0,181.22000122070312,182.5200042724609,35601900
2024-06-18,AMZN,182.80999755859372,184.2899932861328,181.42999267578125,183.7400054931641,36659200
2024-06-20,AMZN,186.1000061035156,186.50999450683597,182.72000122070312,182.91000366210935,44726800
2024-06-21,AMZN,189.0800018310547,189.27999877929688,185.8600006103516,187.8000030517578,70792500
2024-06-24,AMZN,185.57000732421875,191.0,185.3300018310547,189.3300018310547,50610400
2024-06-25,AMZN,186.33999633789065,188.83999633789065,185.4199981689453,186.80999755859372,45366400
2024-06-26,AMZN,193.6100006103516,194.8000030517578,186.25999450683597,186.9199981689453,65103900
2024-06-27,AMZN,197.8500061035156,199.83999633789065,194.1999969482422,195.00999450683597,74397500
2024-06-28,AMZN,193.25,198.8500061035156,192.5,197.72999572753903,76930200
2024-07-01,AMZN,197.1999969482422,198.3000030517578,192.82000732421875,193.4900054931641,41192000
2024-07-02,AMZN,200.0,200.42999267578125,195.92999267578125,197.27999877929688,45600000
2024-07-03,AMZN,197.58999633789065,200.02999877929688,196.75999450683597,199.94000244140625,31597900
2024-07-05,AMZN,200.0,200.5500030517578,198.1699981689453,198.6499938964844,39858900
2024-07-08,AMZN,199.2899932861328,201.1999969482422,197.9600067138672,200.0399932861328,34767300
2024-07-09,AMZN,199.33999633789065,200.57000732421875,199.0500030517578,199.3999938964844,32700100
2024-07-10,AMZN,199.7899932861328,200.1100006103516,197.69000244140625,200.0,32883800
2024-07-11,AMZN,195.0500030517578,200.2700042724609,192.8600006103516,200.08999633789065,44565000
2024-07-12,AMZN,194.4900054931641,196.47000122070312,193.8300018310547,194.8000030517578,30598500
2024-07-15,AMZN,192.72000122070312,196.19000244140625,190.8300018310547,194.55999755859372,40683200
2024-07-16,AMZN,193.0200042724609,196.6199951171875,192.2400054931641,195.58999633789065,33994700
2024-07-17,AMZN,187.92999267578125,191.5800018310547,185.9900054931641,191.3500061035156,48076100
2024-07-18,AMZN,183.75,189.67999267578125,181.4499969482422,189.58999633789065,51043600
2024-07-19,AMZN,183.1300048828125,184.92999267578125,180.11000061035156,181.13999938964844,43081800
2024-07-22,AMZN,182.5500030517578,185.05999755859372,182.47999572753903,185.0,39931900
2024-07-23,AMZN,186.41000366210935,189.38999938964844,183.55999755859372,184.1000061035156,47537700
2024-07-24,AMZN,180.8300018310547,185.4499969482422,180.41000366210935,183.1999969482422,41532400
2024-07-25,AMZN,179.85000610351562,183.8999938964844,176.8000030517578,182.91000366210935,44464200
2024-07-26,AMZN,182.5,183.19000244140625,180.2400054931641,180.38999938964844,29506000
2024-07-29,AMZN,183.1999969482422,184.75,182.3800048828125,183.83999633789065,33270100
2024-07-30,AMZN,181.7100067138672,185.8600006103516,179.3800048828125,184.72000122070312,39508600
2024-07-31,AMZN,186.97999572753903,187.94000244140625,184.4600067138672,185.0500030517578,41667300
2024-08-01,AMZN,184.07000732421875,190.6000061035156,181.8699951171875,189.2899932861328,70435600
2024-08-02,AMZN,167.89999389648438,168.77000427246094,160.5500030517578,166.75,141448400
2024-08-05,AMZN,161.02000427246094,162.9600067138672,151.61000061035156,154.2100067138672,83149400
2024-08-06,AMZN,161.92999267578125,165.0800018310547,158.5399932861328,161.7100067138672,59950800
2024-08-07,AMZN,162.77000427246094,167.5800018310547,161.42999267578125,166.5500030517578,48408200
2024-08-08,AMZN,165.8000030517578,166.69000244140625,162.5500030517578,165.1699981689453,44616200
2024-08-09,AMZN,166.94000244140625,168.5500030517578,165.85000610351562,166.39999389648438,36401000
2024-08-12,AMZN,166.8000030517578,168.5500030517578,166.11000061035156,168.13999938964844,30072800
2024-08-13,AMZN,170.22999572753906,171.0399932861328,167.10000610351562,167.80999755859375,39237900
2024-08-14,AMZN,170.10000610351562,172.27999877929688,168.86000061035156,172.11000061035156,28843800
2024-08-15,AMZN,177.58999633789062,177.91000366210938,173.99000549316406,174.86000061035156,51698500
2024-08-16,AMZN,177.05999755859375,178.33999633789062,176.25999450683594,177.0399932861328,31489200
2024-08-19,AMZN,178.22000122070312,178.3000030517578,176.16000366210938,177.63999938964844,31129800
2024-08-20,AMZN,178.8800048828125,179.00999450683594,177.42999267578125,177.9199981689453,26255200
2024-08-21,AMZN,180.11000061035156,182.38999938964844,178.88999938964844,179.9199981689453,35599100
2024-08-22,AMZN,176.1300048828125,181.47000122070312,175.67999267578125,181.3800048828125,32047500
2024-08-23,AMZN,177.0399932861328,178.97000122070312,175.24000549316406,177.33999633789062,29150100
2024-08-26,AMZN,175.5,177.47000122070312,174.3000030517578,176.6999969482422,22366200
2024-08-27,AMZN,173.1199951171875,174.88999938964844,172.25,174.14999389648438,29842000
2024-08-28,AMZN,170.8000030517578,173.69000244140625,168.9199981689453,173.69000244140625,29045000
2024-08-29,AMZN,172.1199951171875,174.2899932861328,170.80999755859375,173.22000122070312,26407800
2024-08-30,AMZN,178.5,178.89999389648438,172.60000610351562,172.77999877929688,43429400
2024-09-03,AMZN,176.25,178.25999450683594,175.25999450683594,177.5500030517578,37817500
2024-09-04,AMZN,173.3300018310547,175.97999572753906,172.5399932861328,174.47999572753906,30309200
2024-09-05,AMZN,177.88999938964844,179.8800048828125,175.0,175.0,40170500
2024-09-06,AMZN,171.38999938964844,178.3800048828125,171.16000366210938,177.24000549316406,41466500
2024-09-09,AMZN,175.39999389648438,175.85000610351562,173.50999450683594,174.52999877929688,29037400
2024-09-10,AMZN,179.5500030517578,180.5,176.7899932861328,177.49000549316406,36233800
2024-09-11,AMZN,184.5200042724609,184.9900054931641,175.72999572753906,180.10000610351562,42564700
2024-09-12,AMZN,187.0,187.41000366210935,183.5399932861328,184.8000030517578,33544200
2024-09-13,AMZN,186.4900054931641,188.5,185.91000366210935,187.0,26495400
2024-09-16,AMZN,184.88999938964844,185.80999755859372,183.3600006103516,185.2899932861328,26065500
2024-09-17,AMZN,186.8800048828125,189.4499969482422,186.13999938964844,186.8500061035156,26091700
2024-09-18,AMZN,186.42999267578125,188.8000030517578,185.05999755859372,186.4499969482422,34448100
2024-09-19,AMZN,189.8699951171875,190.9900054931641,188.47000122070312,190.0399932861328,39543200
2024-09-20,AMZN,191.6000061035156,191.83999633789065,187.41000366210935,190.22999572753903,100378600
2024-09-23,AMZN,193.8800048828125,194.4499969482422,190.57000732421875,191.63999938964844,36993100
2024-09-24,AMZN,193.9600067138672,195.3699951171875,190.1300048828125,194.2700042724609,43478900
2024-09-25,AMZN,192.52999877929688,193.9499969482422,192.16000366210935,193.75,26391100
2024-09-26,AMZN,191.16000366210935,194.52999877929688,189.5399932861328,194.30999755859372,36334900
2024-09-27,AMZN,187.97000122070312,190.8999938964844,187.33999633789065,190.67999267578125,36002300
2024-09-30,AMZN,186.3300018310547,188.4900054931641,184.6499938964844,187.13999938964844,41583900
2024-10-01,AMZN,185.1300048828125,186.19000244140625,183.4499969482422,184.8999938964844,36044900
2024-10-02,AMZN,184.75999450683597,186.6000061035156,184.0399932861328,184.44000244140625,23704100
2024-10-03,AMZN,181.9600067138672,183.44000244140625,180.8800048828125,183.0500030517578,30204300
2024-10-04,AMZN,186.50999450683597,187.6000061035156,183.6000061035156,185.75,40890300
2024-10-07,AMZN,180.8000030517578,183.6000061035156,180.25,182.9499969482422,42364200
2024-10-08,AMZN,182.72000122070312,183.08999633789065,180.9199981689453,181.9199981689453,26372100
2024-10-09,AMZN,185.1699981689453,185.8500061035156,182.0500030517578,182.82000732421875,26343100
2024-10-10,AMZN,186.6499938964844,188.1300048828125,185.8300018310547,187.1300048828125,27785000
2024-10-11,AMZN,188.82000732421875,189.92999267578125,186.3000030517578,186.6300048828125,25751600
2024-10-14,AMZN,187.5399932861328,189.8300018310547,187.3600006103516,189.77999877929688,22614400
2024-10-15,AMZN,187.69000244140625,188.41000366210935,184.5800018310547,187.6300048828125,32178900
2024-10-16,AMZN,186.88999938964844,187.77999877929688,185.6100006103516,187.0500030517578,23456800
2024-10-17,AMZN,187.52999877929688,188.94000244140625,186.0,188.22000122070312,25039400
2024-10-18,AMZN,188.9900054931641,190.7400054931641,186.27999877929688,187.1499938964844,37417700
2024-10-21,AMZN,189.07000732421875,189.4600067138672,186.3999938964844,188.0500030517578,24639400
2024-10-22,AMZN,189.6999969482422,191.5200042724609,186.97999572753903,188.3500061035156,29650600
2024-10-23,AMZN,184.7100067138672,189.16000366210935,183.69000244140625,188.8500061035156,31937100
2024-10-24,AMZN,186.3800048828125,187.1100006103516,183.8600006103516,185.25,21647400
2024-10-25,AMZN,187.8300018310547,190.4499969482422,187.52999877929688,187.8500061035156,29362100
2024-10-28,AMZN,188.38999938964844,190.2100067138672,188.2100067138672,189.57000732421875,27930800
2024-10-29,AMZN,190.8300018310547,191.4600067138672,187.82000732421875,188.5800018310547,35690200
2024-10-30,AMZN,192.72999572753903,195.6100006103516,192.4199981689453,194.6999969482422,37707600
2024-10-31,AMZN,186.3999938964844,190.6000061035156,185.22999572753903,190.50999450683597,75146800
2024-11-01,AMZN,197.92999267578125,200.5,197.0200042724609,199.0,99687800
2024-11-04,AMZN,195.77999877929688,197.3300018310547,194.30999755859372,196.4499969482422,38492100
2024-11-05,AMZN,199.5,199.82000732421875,195.9900054931641,196.0399932861328,30564800
2024-11-06,AMZN,207.08999633789065,207.5500030517578,199.13999938964844,200.00999450683597,72292200
2024-11-07,AMZN,210.0500030517578,212.25,207.19000244140625,207.44000244140625,52878400
2024-11-08,AMZN,208.17999267578125,209.9600067138672,207.44000244140625,209.72000122070312,36075800
2024-11-11,AMZN,206.83999633789065,209.6499938964844,205.58999633789065,208.5,35456000
2024-11-12,AMZN,208.91000366210935,209.5399932861328,206.00999450683597,208.3699951171875,38942900
2024-11-13,AMZN,214.1000061035156,215.08999633789065,209.13999938964844,209.3999938964844,46212900
2024-11-14,AMZN,211.47999572753903,215.8999938964844,210.8800048828125,214.16000366210935,42620300
2024-11-15,AMZN,202.6100006103516,207.33999633789065,199.6100006103516,206.75999450683597,86591100
2024-11-18,AMZN,201.6999969482422,204.6699981689453,200.9499969482422,204.1499938964844,36409900
2024-11-19,AMZN,204.6100006103516,205.3000030517578,198.77999877929688,199.3300018310547,31197900
2024-11-20,AMZN,202.8800048828125,203.1300048828125,199.4499969482422,202.97999572753903,32769000
2024-11-21,AMZN,198.3800048828125,203.4900054931641,195.75,203.4900054931641,58800000
2024-11-22,AMZN,197.1199951171875,199.25999450683597,196.75,198.25,31530800
2024-11-25,AMZN,201.4499969482422,201.9499969482422,199.0,199.27999877929688,40685700
2024-11-26,AMZN,207.8600006103516,208.0,201.7899932861328,201.8999938964844,41673700
2024-11-27,AMZN,205.7400054931641,207.63999938964844,205.0500030517578,206.97999572753903,28061600
2024-11-29,AMZN,207.88999938964844,208.1999969482422,204.58999633789065,205.8300018310547,24892400
2024-12-02,AMZN,210.7100067138672,212.9900054931641,209.50999450683597,209.9600067138672,39523200
2024-12-03,AMZN,213.44000244140625,214.0200042724609,209.6499938964844,210.30999755859372,32214800
2024-12-04,AMZN,218.16000366210935,220.0,215.75,215.9600067138672,48745700
2024-12-05,AMZN,220.5500030517578,222.1499938964844,217.3000030517578,218.02999877929688,41140200
2024-12-06,AMZN,227.02999877929688,227.1499938964844,220.6000061035156,220.75,44178100
2024-12-09,AMZN,226.08999633789065,230.0800018310547,225.6699981689453,227.2100067138672,46819400
2024-12-10,AMZN,225.0399932861328,229.05999755859372,224.1999969482422,226.08999633789065,31199900
2024-12-11,AMZN,230.25999450683597,231.1999969482422,226.25999450683597,226.41000366210935,35385800
2024-12-12,AMZN,228.97000122070312,231.08999633789065,227.6300048828125,229.8300018310547,28204100
2024-12-13,AMZN,227.4600067138672,230.1999969482422,225.8600006103516,228.3999938964844,28768100
2024-12-16,AMZN,232.92999267578125,233.0,228.00999450683597,230.22999572753903,37552100
2024-12-17,AMZN,231.1499938964844,232.72999572753903,227.8500061035156,232.38999938964844,35948100
2024-12-18,AMZN,220.5200042724609,231.3999938964844,220.1100006103516,230.7700042724609,43281400
2024-12-19,AMZN,223.2899932861328,226.08999633789065,222.9199981689453,224.91000366210935,39918700
2024-12-20,AMZN,224.9199981689453,226.2100067138672,218.72999572753903,219.83999633789065,88279200
2024-12-23,AMZN,225.05999755859372,226.8800048828125,223.8999938964844,225.00999450683597,28070000
2024-12-24,AMZN,229.0500030517578,229.13999938964844,226.1300048828125,226.94000244140625,15007500
2024-12-26,AMZN,227.0500030517578,228.5,226.6699981689453,228.5,16146700
2024-12-27,AMZN,223.75,226.02999877929688,220.8999938964844,225.6000061035156,27367100
2024-12-30,AMZN,221.3000030517578,223.0,218.42999267578125,220.05999755859372,28321200
2024-12-31,AMZN,219.38999938964844,223.22999572753903,218.94000244140625,222.97000122070312,24819700
2024-01-02,GOOGL,136.95556640625,138.2243147607485,135.2804180769598,137.33223127309824,23711200
2024-01-03,GOOGL,137.69898986816406,138.4027561263541,135.87516579367383,136.04366979922918,24212100
2024-01-04,GOOGL,135.19122314453125,137.93688094484938,135.15158137245075,137.20337960162615,27137700
2024-01-05,GOOGL,134.53701782226562,135.9544569222083,133.9621138280285,135.54805692417742,22513900
2024-01-08,GOOGL,137.61968994140625,137.78819394542484,135.06236452075504,135.09209963177744,21404000
2024-01-09,GOOGL,139.71115112304688,140.24641339378692,136.9357580192586,137.2826878289855,24759600
2024-01-10,GOOGL,141.0294647216797,141.74313767378752,139.67151083001588,139.7607161678604,21320200
2024-01-11,GOOGL,140.8312225341797,143.9436236258308,139.40387666099627,142.2288332953947,24008700
2024-01-12,GOOGL,141.39620971679688,141.9413786630196,140.57351809075055,141.4160381670257,18785500
2024-01-16,GOOGL,141.23760986328125,143.08126226290798,140.20674232549314,140.75191120368166,22670500
2024-01-17,GOOGL,140.22657775878906,140.5933208748065,137.67915902138483,140.1076373156861,20968600
2024-01-18,GOOGL,142.21890258789062,142.94249726620274,140.7420083705122,140.80147859071877,25746400
2024-01-19,GOOGL,145.0934295654297,145.16280645077472,143.11100813182492,143.4678445948608,34271900
2024-01-22,GOOGL,144.70687866210938,147.0857786723887,144.55818795854353,145.80712331991597,32200400
2024-01-23,GOOGL,145.7476043701172,145.8863732533205,144.2211466548808,144.60771819556675,21636100
2024-01-24,GOOGL,147.39305114746094,148.53295270577948,146.7983337091306,147.2344537807019,25233500
2024-01-25,GOOGL,150.53515625,151.7047926793007,148.22563362553456,148.7509891835985,29149100
2024-01-26,GOOGL,150.85235595703125,151.19927062056652,149.68271948865382,149.77193994469403,26115500
2024-01-29,GOOGL,152.16075134277344,152.42838247060587,150.0990312415879,150.7234988316385,27784300
2024-01-30,GOOGL,150.12876892089844,152.26977239045794,149.86113781545075,151.45698753735525,36331800
2024-01-31,GOOGL,138.86865234375,142.734368781717,138.64066294828885,142.3577038019794,71910000
2024-02-01,GOOGL,139.91928100585938,141.8025749490075,139.55252282770522,140.87083463777782,40466500
2024-02-02,GOOGL,141.1285858154297,141.3664667061821,135.30026199719302,138.03599811357188,62499600
2024-02-05,GOOGL,142.41714477539062,144.19142038150497,141.52506120365902,141.5647181011037,38505400
2024-02-06,GOOGL,142.83346557617188,144.08238559279584,141.93146022405054,143.37861935248668,29128200
2024-02-07,GOOGL,144.2608184814453,144.34011716332222,142.6649684297807,143.48767523899187,25208900
2024-02-08,GOOGL,144.62754821777344,145.0438548719161,143.8246700187359,144.54824955155473,22563800
2024-02-09,GOOGL,147.69041442871094,148.12654961609974,144.89519261390646,145.39079803145248,26829500
2024-02-12,GOOGL,146.2333221435547,148.02741119835667,146.07472479210762,147.11549911454978,21564100
2024-02-13,GOOGL,143.8643035888672,145.38085457275164,142.4270512666812,143.64623605036468,27837700
2024-02-14,GOOGL,144.6573028564453,145.23220692064015,142.82355687367422,144.796071759894,22704200
2024-02-15,GOOGL,141.51516723632812,142.25857532101722,139.22547275543386,141.88191038487835,37590700
2024-02-16,GOOGL,139.28492736816406,141.9314580380152,138.90826247425002,141.7332189292563,31468900
2024-02-20,GOOGL,139.879638671875,140.83120752749184,138.26397563661223,138.432479628036,25144700
2024-02-21,GOOGL,141.2970733642578,141.43584224259257,139.44349926654036,140.2067356597181,23223300
2024-02-22,GOOGL,142.82351684570312,143.72552202766002,141.54486195976094,143.65613003304554,27191900
2024-02-23,GOOGL,142.6947021484375,143.40835995334845,142.16934655124388,142.40724256933106,19493800
2024-02-26,GOOGL,136.36085510253906,141.18804608290887,136.18242932238044,140.89067986576055,53641800
2024-02-27,GOOGL,137.6593475341797,138.02609065509074,135.8850719026194,136.8069057229925,33099200
2024-02-28,GOOGL,135.18133544921875,136.79699878882042,134.21985975111554,136.6879649944579,37328600
2024-02-29,GOOGL,137.24305725097656,137.6395355304316,135.20115025022022,136.07342061463353,42133000
2024-03-01,GOOGL,135.9346466064453,137.64943703156058,135.7165790235201,137.21330186571015,31151100
2024-03-04,GOOGL,132.17794799804688,134.46764221027212,130.75060222297805,134.46764221027212,55999400
2024-03-05,GOOGL,131.50392150878906,132.06891886657937,129.5215001124862,130.72087171210643,40194800
2024-03-06,GOOGL,130.2450714111328,132.40591846062833,129.69991766152992,131.94995491359472,35318600
2024-03-07,GOOGL,133.19888305664062,133.75395856347797,130.45322550531313,131.6228467340528,37738200
2024-03-08,GOOGL,134.21983337402344,136.87627056964266,132.82222277313073,133.03038365770627,39370400
2024-03-11,GOOGL,136.45997619628906,137.8774153719074,134.93351836260592,134.93351836260592,32437800
2024-03-12,GOOGL,137.28269958496094,138.1549699529064,135.8256184588143,135.8256184588143,27563400
2024-03-13,GOOGL,138.56134033203125,139.84991729704038,137.7683838532644,137.7782905156126,23347200
2024-03-14,GOOGL,141.84226989746094,142.3279535040784,139.22547402056372,139.9490536613269,42753400
2024-03-15,GOOGL,139.9391326904297,141.92155427918553,138.79924632676563,141.24753819885322,49475400
2024-03-18,GOOGL,146.38198852539062,150.81270155253688,145.87647651462308,147.3038223387608,69273700
2024-03-19,GOOGL,145.73770141601562,147.4822267241883,144.7960543185626,146.8577742962254,24070400
2024-03-20,GOOGL,147.4326934814453,147.55163393242162,145.4502719669023,146.6991920761811,21311500
2024-03-21,GOOGL,146.3026885986328,149.0483310331233,145.6088290884326,148.15624755525624,24755600
2024-03-22,GOOGL,149.44482421875,150.2477023731003,147.67054880079294,147.80931767778344,29211800
2024-03-25,GOOGL,148.75099182128906,149.0582647076252,146.52076782406607,148.622129594887,19229300
2024-03-26,GOOGL,149.345703125,150.92172438957977,148.66176537347607,148.8996613684721,22149100
2024-03-27,GOOGL,149.54396057128906,150.3071970814459,147.59127418957752,149.85123348293416,22879200
2024-03-28,GOOGL,149.60342407226562,150.09902942352818,148.85010938322958,149.52414052577765,24485400
2024-04-01,GOOGL,154.12335205078125,154.3711547175217,149.28623915611158,149.36553782442945,31730800
2024-04-02,GOOGL,153.20155334472656,153.3403222648886,150.8127314604504,152.1508722171171,24586000
2024-04-03,GOOGL,153.55836486816406,153.71696221529052,151.38761094398126,152.2499745660593,24705000
2024-04-04,GOOGL,149.20692443847656,153.40966265921364,149.12762577868838,152.15082101266947,34724700
2024-04-05,GOOGL,151.15965270996094,152.07156486544667,148.2851473312489,148.71136073150413,23459200
2024-04-08,GOOGL,153.48898315429688,153.9052898339039,151.2686657383844,151.4371697426533,20702000
2024-04-09,GOOGL,155.22360229492188,157.16636680492698,153.825991572372,154.71807515609422,31079500
2024-04-10,GOOGL,154.76766967773438,155.2335400117824,153.32049510554046,154.83706170073978,22838600
2024-04-11,GOOGL,158.00892639160156,158.27654243330397,155.08485738751153,155.53089924835962,27166400
2024-04-12,GOOGL,156.34364318847656,158.81176301923506,155.75883256632315,156.57163251549102,25353700
2024-04-15,GOOGL,153.49888610839844,157.8403937153416,153.23125499058935,157.46372881803066,27136500
2024-04-16,GOOGL,153.04293823242188,154.28195170620987,152.0814625667883,152.83479243864417,20779500
2024-04-17,GOOGL,154.10354614257812,155.69939615479163,153.22136912493693,154.25222171449877,21763100
2024-04-18,GOOGL,154.63876342773438,155.56059716944145,153.26098127050776,153.97465412709587,19883000
2024-04-19,GOOGL,152.7356414794922,154.98569383172432,150.96138111672357,154.82709650190313,32615600
2024-04-22,GOOGL,154.90643310546875,156.25448048975585,152.70594377046075,152.95374648724382,26446200
2024-04-23,GOOGL,156.8690185546875,157.57278489006907,154.90642537067149,155.58045659149803,21151600
2024-04-24,GOOGL,157.73138427734375,158.1675194626567,155.78860439495244,156.10579912051713,22779100
2024-04-25,GOOGL,154.62887573242188,155.11457444082362,149.5439597867095,149.99992338282905,57109700
2024-04-26,GOOGL,170.43869018554688,173.17444161155032,168.15890237210272,172.83741845240817,64665300
2024-04-29,GOOGL,164.68966674804688,168.0597925096593,163.75794130995203,167.57409377755957,45610000
2024-04-30,GOOGL,161.34925842285156,166.62250601471732,161.17084777672406,164.15438620390708,33562900
2024-05-01,GOOGL,162.41976928710938,165.65111039357393,161.65653289129983,162.8559043704291,33493200
2024-05-02,GOOGL,165.155517578125,165.26455135719664,162.4495166743879,163.34160023066508,24294500
2024-05-03,GOOGL,165.7700958251953,166.48376879475936,161.61692024874446,166.08727540907034,34662400
2024-05-06,GOOGL,166.62252807617188,166.6621698501134,164.5707146259979,165.98815382038055,21871300
2024-05-07,GOOGL,169.74481201171875,170.25032396319247,166.90994914481348,167.01898291372035,28039700
2024-05-08,GOOGL,167.89126586914062,168.65448718502228,167.25689165384944,167.51460097970468,19569100
2024-05-09,GOOGL,168.46621704101562,169.18979678811257,166.70184766333557,167.90121954864395,15346700
2024-05-10,GOOGL,167.16769409179688,168.35715914244224,164.72932401226194,166.5531482403928,29799900
2024-05-13,GOOGL,167.65338134765625,167.7921502441081,162.5585588283877,162.81626817189104,31327600
2024-05-14,GOOGL,168.8428192138672,169.74482453915033,167.31636146118933,168.2778370057792,25127100
2024-05-15,GOOGL,170.99375915527344,171.13252805375882,169.01133767709646,169.13029325056647,26948400
2024-05-16,GOOGL,172.64907836914062,173.58081887894542,171.17218405543662,171.7669014209654,27867900
2024-05-17,GOOGL,174.51254272460938,174.72070361370632,172.16337834950676,172.64906188294287,24479300
2024-05-20,GOOGL,175.364990234375,177.1987360270171,174.53237690001112,174.64141067889267,22554400
2024-05-21,GOOGL,176.2868194580078,176.58417055209722,174.26474127015484,175.34515724447746,16989400
2024-05-22,GOOGL,174.82977294921875,175.5929944069066,173.6700580803842,175.08748232295628,17880000
2024-05-23,GOOGL,172.02462768554688,176.68331515847908,171.42989518914035,175.5136937401354,21024900
2024-05-24,GOOGL,173.4519805908203,174.22512379260593,172.12374664509454,173.44205880318444,16579400
2024-05-28,GOOGL,174.8495635986328,175.7119272031069,172.83740706265183,172.9167057345963,20572200
2024-05-29,GOOGL,174.35397338867188,175.285713959116,173.18435190640471,173.8881031034498,23388700
2024-05-30,GOOGL,170.59727478027344,173.67994067307137,170.28008009531703,173.66011222409284,22931500
2024-05-31,GOOGL,170.98385620117188,171.53893180715215,167.95075369372532,170.34948191938355,37638900
2024-06-03,GOOGL,171.64794921875,172.99599632951654,169.6556212249439,171.02348165926512,27459100
2024-06-04,GOOGL,172.26251220703125,172.3219975576634,170.37921780326457,171.7570001617278,26879600
2024-06-05,GOOGL,173.8682403564453,175.0973317173078,172.40123790203134,173.66007949309193,22068500
2024-06-06,GOOGL,175.17665100097656,175.59295765203206,174.20526881518043,174.3539443603167,23251000
2024-06-07,GOOGL,172.9266357421875,176.30665293703487,172.76803839075907,175.493867979147,19661400
2024-06-10,GOOGL,173.67088317871094,175.70520037025813,171.43809934111798,173.63119590631558,23726700
2024-06-11,GOOGL,175.2685546875,175.48687252833415,172.440371072749,174.8716214180017,21540600
2024-06-12,GOOGL,176.42962646484375,179.0295897328755,174.762488316215,176.8861134200364,27864700
2024-06-13,GOOGL,173.81973266601562,175.38764480431132,173.5418763520932,174.76246052696914,20913300
2024-06-14,GOOGL,175.43727111816406,175.7052094322638,172.81747188595338,172.8869435437714,18063600
2024-06-17,GOOGL,175.8838348388672,176.99526019491833,173.47242036710682,174.11745590855674,19618500
2024-06-18,GOOGL,173.75025939941406,176.03266350713454,172.7678442779151,175.78457643329608,21869900
2024-06-20,GOOGL,174.95101928710938,175.93343447480137,173.65104535533175,174.02812743639052,20160100
2024-06-21,GOOGL,178.2555389404297,179.466205138687,175.2586426839211,175.645657934706,57759000
2024-06-24,GOOGL,177.8486785888672,179.50589857307529,177.3028839492694,178.7814884925371,18298000
2024-06-25,GOOGL,182.6218414306641,182.87984651633045,178.04711553791142,178.24558215319573,23130200
2024-06-26,GOOGL,182.47300720214844,183.0981763241254,181.0837105201297,181.2325718478637,19839000
2024-06-27,GOOGL,183.99131774902344,184.62642010992184,182.6119540991644,182.7707183328629,18848900
2024-06-28,GOOGL,180.75624084472656,183.71344974735644,180.56770738280355,182.9096500290429,29156600
2024-07-01,GOOGL,181.5898284912109,182.4730179096056,179.91275737108273,181.6295157623823,16006100
2024-07-02,GOOGL,183.82260131835935,184.1500780686585,180.17075176456584,180.6570078741676,17372500
2024-07-03,GOOGL,184.39817810058597,184.666101253454,182.59209683114491,183.43559898745036,10242100
2024-07-05,GOOGL,189.1415863037109,189.3995914027585,184.37831157968463,184.43785005315465,20967500
2024-07-08,GOOGL,187.5835876464844,188.7148640407393,186.3431523395368,188.4469257746695,21035900
2024-07-09,GOOGL,187.5339813232422,189.89577517091524,187.27597621110635,188.853806406234,15121400
2024-07-10,GOOGL,189.7171630859375,190.2828089517807,187.58362004629092,187.7026970108747,15952500
2024-07-11,GOOGL,184.15008544921875,189.39960141202815,183.6638293201284,188.39733505757292,25625800
2024-07-12,GOOGL,183.65391540527344,185.67829936578423,183.0783515483552,183.66383343758727,22898400
2024-07-15,GOOGL,185.10275268554688,186.7996751747927,183.5050710967849,183.5050710967849,16474000
2024-07-16,GOOGL,182.5126953125,187.2362677122632,181.9669007256916,185.92637584595624,18290700
2024-07-17,GOOGL,179.6349334716797,182.14557401789452,178.52349283181917,181.57001005879675,20734100
2024-07-18,GOOGL,176.3303680419922,181.10356083919305,175.119701930773,180.5379150522317,25315700
2024-07-19,GOOGL,176.3006134033203,178.9104792954856,175.77466998349036,177.511279614787,18881900
2024-07-22,GOOGL,180.2799224853516,181.30204007198228,178.85093844213043,179.2081844529357,24100300
2024-07-23,GOOGL,180.3990020751953,182.205083362309,180.15091498468195,180.6570223402312,36352700
2024-07-24,GOOGL,171.30909729003906,174.84185492699467,170.5052975643539,172.2716763828317,49585200
2024-07-25,GOOGL,166.00003051757812,172.09304877138803,165.9107228003057,171.19994131459546,44852000
2024-07-26,GOOGL,165.72216796875,166.80382399385917,162.8046615111257,165.8710141586151,41336900
2024-07-29,GOOGL,168.23280334472656,169.12591074335177,166.70459365013758,167.53816257445885,20293800
2024-07-30,GOOGL,168.9869842529297,169.91979407162952,167.15114899500833,168.9373789518768,18959700
2024-07-31,GOOGL,170.22743225097656,172.91670298864665,168.7091404604878,171.91443658888358,25729100
2024-08-01,GOOGL,169.4534149169922,172.71824977865398,167.58781013807817,168.9473226614739,24531400
2024-08-02,GOOGL,165.384765625,167.22060083165107,163.40998712477472,165.16644779514462,29130100
2024-08-05,GOOGL,158.03146362304688,163.17182044634595,153.74451178437454,154.3101575722687,53630700
2024-08-06,GOOGL,157.0788116455078,159.34137978517677,155.2132070680051,158.11086239581772,49004600
2024-08-07,GOOGL,157.72384643554688,161.7329270375027,157.2574415077753,160.01616866155442,25138600
2024-08-08,GOOGL,160.79019165039062,162.4374934400702,158.9841256428161,159.28181801513983,25578800
2024-08-09,GOOGL,162.4176483154297,162.53672526881738,157.84292193770273,158.78564981676743,28602300
2024-08-12,GOOGL,161.04818725585938,163.63821673656008,160.60163358167628,163.09243732479868,15895300
2024-08-13,GOOGL,162.90390014648438,163.46953080218395,161.72300324977175,162.15963892338314,18551700
2024-08-14,GOOGL,159.1428985595703,161.97109738750262,156.50326348113867,161.1573644799167,40591100
2024-08-15,GOOGL,160.06578063964844,160.40317542086007,158.38870962322818,159.27189898700752,31524300
2024-08-16,GOOGL,161.71307373046875,163.79699592189854,159.89707465805918,160.23446942114322,24208600
2024-08-19,GOOGL,165.39468383789062,165.41453504299912,163.00312088041883,164.0153203524916,22416200
2024-08-20,GOOGL,165.90077209472656,167.34960719285812,165.5435412633864,165.62291579788476,18341500
2024-08-21,GOOGL,164.5809783935547,165.5733267344455,163.40999947744584,163.88632244130392,22902000
2024-08-22,GOOGL,162.54666137695312,166.3076549289941,162.06040523845343,165.9801781592332,22493300
2024-08-23,GOOGL,164.3527069091797,164.9084194881608,162.5764102626484,163.45959957039315,13955700
2024-08-26,GOOGL,164.88861083984375,166.26797448558267,163.20162161831217,165.1069286953162,14190400
2024-08-27,GOOGL,163.41990661621094,165.16644927065664,163.20160392643822,164.5710342489987,11821900
2024-08-28,GOOGL,161.60391235351562,164.33286993605128,160.29400544572312,163.77714221811894,16407400
2024-08-29,GOOGL,160.5421142578125,164.70005625165825,159.0238224992912,163.05275436266322,19699800
2024-08-30,GOOGL,162.1298828125,162.40773914692485,160.45281163127092,161.37568835446018,22123800
2024-09-03,GOOGL,156.15591430664062,160.61156320284906,155.28264303988357,160.48255309061489,38945300
2024-09-04,GOOGL,155.2528839111328,157.78337502963737,154.76664294942685,155.4612837104589,19353800
2024-09-05,GOOGL,156.03684997558594,158.2299312085826,154.78648144405375,155.1040401638185,18688700
2024-09-06,GOOGL,149.76519775390625,156.62232787245784,149.39803374273566,156.09638450541732,37912100
2024-09-09,GOOGL,147.7679443359375,152.4282209390493,146.2873778721235,151.54385960268257,39260500
2024-09-10,GOOGL,147.71827697753906,150.31174383865772,147.40029682558622,149.4969310708747,31118800
2024-09-11,GOOGL,150.20240783691406,150.54025030429756,146.5854677760219,148.97025775559644,29607700
2024-09-12,GOOGL,153.71006774902344,153.83924907315188,151.682982309114,152.82570635319718,29621500
2024-09-13,GOOGL,156.46250915527344,157.37667920350046,154.2267627397466,154.44535510677574,29591200
2024-09-16,GOOGL,157.05870056152344,157.2474993531957,155.60795803142506,156.313451749423,18379800
2024-09-17,GOOGL,158.3107452392578,159.53294917671778,157.37669753536267,158.01264265003823,20715600
2024-09-18,GOOGL,158.79762268066406,159.48325404924594,157.5952963589965,158.84730896980255,23677300
2024-09-19,GOOGL,161.11285400390625,162.7523953061902,160.31791891468873,162.67291544318158,26587700
2024-09-20,GOOGL,162.55368041992188,162.69279293629415,161.03337393309369,162.46425419413836,40896400
2024-09-23,GOOGL,160.82469177246094,164.44163188871738,160.64582418208624,163.3088543567614,24150900
2024-09-24,GOOGL,161.26190185546875,162.18601827960998,159.67204679818846,161.9972194853163,23332100
2024-09-25,GOOGL,160.4669647216797,161.77859462440557,160.27816594760657,160.44708717648132,18869200
2024-09-26,GOOGL,161.69911193847656,163.0405658423745,161.25196569121914,162.60335078741144,20319300
2024-09-27,GOOGL,162.91140747070312,164.65032158098356,161.5997772832552,161.7786297424913,21101300
2024-09-30,GOOGL,164.7993621826172,165.09744958161895,162.22575806160205,162.2853907035285,20413900
2024-10-01,GOOGL,165.93214416503906,168.08839566011457,163.53740758234116,166.62770671794624,28338100
2024-10-02,GOOGL,164.80929565429688,166.4587833748385,163.68644922877587,165.36574568962988,17760200
2024-10-03,GOOGL,164.80929565429688,165.5843532266716,162.88158291608875,163.3684842780683,15073100
2024-10-04,GOOGL,166.00169372558594,167.16428010496523,164.4317010051406,166.99535885279488,19047400
2024-10-07,GOOGL,161.94754028320312,167.4126985535878,161.71900154638254,166.65751850550026,22463100
2024-10-08,GOOGL,163.33868408203125,163.68645779124333,161.8382399845631,162.901468985077,23072700
2024-10-09,GOOGL,160.8346405029297,163.7957583809211,158.72807525360884,162.41456443992033,31181800
2024-10-10,GOOGL,161.05325317382812,162.03698715416354,159.38388779769477,159.8509116423071,14144100
2024-10-11,GOOGL,162.20590209960938,162.86170956550862,160.21857182956228,161.10293319324816,15344300
2024-10-14,GOOGL,163.91500854492188,165.17695235890986,162.36487818674945,162.60336327926677,19016100
2024-10-15,GOOGL,164.41184997558594,166.61777276120088,163.5871060435806,164.73974614754195,20247200
2024-10-16,GOOGL,164.11373901367188,164.74968410008972,162.70273632699872,163.48772512033997,16406000
2024-10-17,GOOGL,161.89785766601562,165.3160682513299,161.7289364078274,164.68012315374543,21453400
2024-10-18,GOOGL,162.384765625,163.66660222742627,162.04692309495266,162.1562268737477,19757700
2024-10-21,GOOGL,163.0306396484375,163.45790836208016,161.58981312891888,161.9177244301946,20946500
2024-10-22,GOOGL,164.09385681152344,164.71987068710104,161.9475365199372,161.9475365199372,16568100
2024-10-23,GOOGL,161.74880981445312,164.76956032222017,160.90418838301372,163.71626254064074,18280500
2024-10-24,GOOGL,161.68917846679688,162.29531475497333,159.9900045566217,161.79848222899673,22412500
2024-10-25,GOOGL,164.22305297851562,164.5410179603954,162.38476628102538,162.63318258273335,19828900
2024-10-28,GOOGL,165.66384887695312,167.68098784367282,162.91139226813863,167.68098784367282,32138600
2024-10-29,GOOGL,168.60507202148438,169.3006496598447,166.0314832783505,166.66742827978365,42169000
2024-10-30,GOOGL,173.35482788085938,180.8669339516748,172.95735272555387,179.53541113405987,68890800
2024-10-31,GOOGL,170.0260467529297,175.69988150851668,169.91674297844676,172.03325462883092,44769000
2024-11-01,GOOGL,170.20486450195312,171.22835336095886,167.81014346910678,168.9926071986616,31796500
2024-11-04,GOOGL,168.1678924560547,169.64844379948434,166.9456734265419,168.8535086611848,21492700
2024-11-05,GOOGL,168.6647186279297,169.44970738138483,167.77041094544956,168.3566697123956,18242100
2024-11-06,GOOGL,175.39183044433594,175.81911434381482,172.4009037964916,172.69900637438644,33695500
2024-11-07,GOOGL,179.60496520996094,179.93287650946746,176.06751991171046,176.2861274447148,25352900
2024-11-08,GOOGL,177.22018432617188,179.7540183112244,176.95189049215537,179.5056020254642,22006200
2024-11-11,GOOGL,179.20753479003906,179.40626480859777,177.33943925890452,177.4487430434311,17450400
2024-11-12,GOOGL,180.46946716308597,181.33396618962504,178.25359803223796,178.6808819487348,25134900
2024-11-13,GOOGL,177.746826171875,179.8136514950511,177.4089684990119,179.31681892204128,23184000
2024-11-14,GOOGL,174.4677276611328,177.68720818344102,173.21571503907634,177.15062051532624,31007500
2024-11-15,GOOGL,171.39727783203125,173.0368189839277,170.1353190622318,172.6294127032809,32504600
2024-11-18,GOOGL,174.1894989013672,174.32861141194803,171.80469351153303,172.32140362031606,20135300
2024-11-19,GOOGL,176.9916229248047,177.73687175049812,172.46051249052883,172.61950254558704,23434900
2024-11-20,GOOGL,174.8651885986328,176.55441631876369,172.67912830422068,176.2165738071629,18997100
2024-11-21,GOOGL,166.56808471679688,173.0269078339117,162.6629730093742,172.79835394534456,59734400
2024-11-22,GOOGL,163.71624755859375,165.4054902668861,162.8616950123504,164.7993539822004,38604600
2024-11-25,GOOGL,166.58795166015625,167.56175439657423,164.56088148234778,165.0378364955745,33135300
2024-11-26,GOOGL,168.0486297607422,168.74420743105776,166.51839224272408,166.56807852805025,20486700
2024-11-27,GOOGL,168.157958984375,168.40637528649307,166.95563257291508,167.92942023182215,19266500
2024-11-29,GOOGL,167.87973022460938,168.3566852687276,166.10107621213314,167.43258392311557,14257200
2024-12-02,GOOGL,170.4036407470703,170.98989954223964,167.50214035040204,167.7008703464783,23789100
2024-12-03,GOOGL,170.2545928955078,171.58610063371935,169.76770664793386,170.40365177380562,22248700
2024-12-04,GOOGL,173.26536560058594,173.8019532050098,169.9763367929556,170.0657630063179,31615100
2024-12-05,GOOGL,171.54635620117188,174.94468929994056,171.23832242107443,174.24912670582898,21356200
2024-12-06,GOOGL,173.60324096679688,173.97089221181594,170.77128929069295,170.9402105427862,21462400
2024-12-09,GOOGL,174.45875549316406,175.3441303590525,172.7476915668061,173.05609352730906,25389600
2024-12-10,GOOGL,184.20782470703125,185.3916437019826,180.10923775533584,181.8998876981403,54813000
2024-12-11,GOOGL,194.3846893310547,194.59360484337623,183.88951960925283,184.34712093414169,67894100
2024-12-12,GOOGL,190.9625701904297,194.16582489848335,190.71386920648584,193.98676747620544,34817500
2024-12-13,GOOGL,188.8336944580078,191.72856243728444,188.65462185235452,190.01749841639383,25143500
2024-12-16,GOOGL,195.63815307617188,197.96599073113543,191.61913652261555,191.8678375159964,44934900
2024-12-17,GOOGL,194.4045867919922,200.37341051362355,193.9668706236853,196.2250798486302,43504000
2024-12-18,GOOGL,187.4210357666016,195.97635478856293,186.7644767742897,194.2056051830061,34166100
2024-12-19,GOOGL,187.5304718017578,192.0269895380088,187.40115762090377,190.63427019379503,32265200
2024-12-20,GOOGL,190.4154357910156,191.88774144921763,184.2575966505468,184.81468445746083,63462900
2024-12-23,GOOGL,193.61868286132807,194.0862418964859,189.16195057639908,191.6191173596315,25675000
2024-12-24,GOOGL,195.0909881591797,195.0909881591797,192.7730933133359,193.82758299009265,10403300
2024-12-26,GOOGL,194.58364868164065,195.72766709348628,193.36998671071595,194.13597478356783,12046600
2024-12-27,GOOGL,191.7583923339844,194.3051030426647,189.659355519318,193.9370152813754,18891400
2024-12-30,GOOGL,190.24632263183597,191.54951344453465,188.13732782747584,188.8138024415549,14264700
2024-12-31,GOOGL,188.3163909912109,190.9625731443876,187.53048736926948,190.08714080992223,17466900
2024-01-02,MSFT,363.8014831542969,368.7356138207432,359.779620180644,366.73448635273246,25258600
2024-01-03,MSFT,363.5366821289063,366.1459883616317,361.4865193608946,361.9769897820248,23083500
2024-01-04,MSFT,360.9273376464844,365.9889954484458,360.1720240549271,363.6053166389914,20901500
2024-01-05,MSFT,360.7410278320313,364.9688808551194,359.51485166672865,361.9377769668043,21004600
2024-01-08,MSFT,367.5486755371094,368.0489648766836,361.9769395114855,362.2613907623612,23134000
2024-01-09,MSFT,368.6277465820313,368.8239167777909,364.1154129764403,364.91979160608497,20830000
2024-01-10,MSFT,375.47467041015625,376.8480113734613,369.14762069750896,369.1966557593691,25514200
2024-01-11,MSFT,377.2992858886719,383.2339660876797,373.1302872544769,378.6431700704151,27850800
2024-01-12,MSFT,381.0660400390625,381.27202920676456,377.31883933016337,378.1428259369064,21661200
2024-01-16,MSFT,382.8317260742188,386.5200727807335,380.2322391394401,386.1571295021332,27202300
2024-01-17,MSFT,382.0470275878906,382.6748141545887,377.4758397118604,380.5854353256014,22234100
2024-01-18,MSFT,386.3631591796875,386.4808672893111,382.68463107425833,384.2541423864291,23392100
2024-01-19,MSFT,391.0716857910156,391.0716857910156,386.0002086328452,388.2171444423586,29331100
2024-01-22,MSFT,388.9528503417969,392.9845027036078,386.0884900033909,392.395932230134,27016900
2024-01-23,MSFT,391.29730224609375,391.7681646348443,386.42202498468174,388.2073445307626,20525900
2024-01-24,MSFT,394.8875732421875,397.8990690426862,392.8178022760999,393.8870242835594,24867000
2024-01-25,MSFT,397.1534729003906,399.25270045475327,394.858075159448,396.6139674673759,21021200
2024-01-26,MSFT,396.2314453125,398.4287732558815,394.7600339819583,396.6630616976674,17803300
2024-01-29,MSFT,401.91107177734375,402.1661259686538,396.6237864171102,398.3208248033987,24510200
2024-01-30,MSFT,400.8026123046875,405.17760004808207,398.70341448382425,404.4026783420674,33477600
2024-01-31,MSFT,390.0025024414063,407.40441581806624,389.6395590678268,399.2037336420733,47871100
2024-02-01,MSFT,396.0842895507813,400.2238610760148,394.1420159186215,394.1714429462631,30657700
2024-02-02,MSFT,403.3824768066406,404.7852149654356,395.8684666894352,396.11370188933375,28256700
2024-02-05,MSFT,397.9186401367188,403.3236336682533,396.29027477301287,402.087638647816,25352300
2024-02-06,MSFT,397.7616271972656,400.1943708633147,395.2308134118543,398.1442084321405,18382600
2024-02-07,MSFT,406.1585388183594,406.4037740259386,399.6352882839393,399.6745342992148,22340500
2024-02-08,MSFT,406.2173767089844,407.6397528307197,404.6675034305695,406.15852265638233,21225300
2024-02-09,MSFT,412.53466796875,412.7995411607667,407.178739238723,407.335693369119,22032800
2024-02-12,MSFT,407.3454284667969,412.7209641300854,406.8451391501877,412.5444019957292,21202900
2024-02-13,MSFT,398.5758666992188,402.2543946406928,395.701717385572,397.2221636270064,27824900
2024-02-14,MSFT,402.4282531738281,402.7722233518472,397.59311635632974,401.03275815392834,20401200
2024-02-15,MSFT,399.5487976074219,402.0744846951828,397.3179549607251,401.1015670196542,21825500
2024-02-16,MSFT,397.0919189453125,401.2489827226472,396.48261574205486,400.92465682975353,22296500
2024-02-20,MSFT,395.84381103515625,397.5144761866432,391.1462443294289,396.2860326967427,24307900
2024-02-21,MSFT,395.2442932128906,395.3524118295115,390.3698381114288,393.2689765841808,18518900
2024-02-22,MSFT,404.5509643554688,405.7106076981084,401.5240930898632,403.1161508977741,27009900
2024-02-23,MSFT,403.2635803222656,408.6883757427927,401.9172111140197,408.5016799323737,16295900
2024-02-26,MSFT,400.5119018554688,405.05222425854834,400.3349831970826,404.3642838981377,16193500
2024-02-27,MSFT,400.4529113769531,401.2784217577938,396.8855068799419,400.9540958991776,14835800
2024-02-28,MSFT,400.6887817382813,402.24152110085487,398.33017625490425,401.1408405413653,13183100
2024-02-29,MSFT,406.5067443847656,407.057084720192,398.91987548490425,401.59296996753153,31947300
2024-03-01,MSFT,408.3346557617188,408.6982702714908,403.7943329800158,404.1775917906704,17823400
2024-03-04,MSFT,407.7646484375,410.1527354833861,405.2094798738606,406.31016048803207,17596000
2024-03-05,MSFT,395.7062072753906,407.1061687535314,393.7308905561475,406.8211614689715,26919200
2024-03-06,MSFT,395.1558532714844,398.1729175476419,391.5196786963873,396.0206822488724,22344100
2024-03-07,MSFT,402.0843200683594,402.7132675555228,395.3032878406332,399.1163813277323,18718500
2024-03-08,MSFT,399.2146301269531,403.3422120153882,397.357209279769,400.9246137706761,18002200
2024-03-11,MSFT,397.5439758300781,398.68397503984977,394.34021545583295,396.7971025481086,16120800
2024-03-12,MSFT,408.1184387207031,408.4034460288256,399.7748595225906,400.59053286353617,22457000
2024-03-13,MSFT,407.9415283203125,410.9683999440695,404.3544792559954,410.88979275530687,17115900
2024-03-14,MSFT,417.8869934082031,420.4421618629372,410.7816654727546,412.99286375239626,34157300
2024-03-15,MSFT,409.2387390136719,415.3121560642416,405.6713345351322,412.0592402980969,45079900
2024-03-18,MSFT,410.1231994628906,413.47439659588105,406.644239420025,407.10613532964646,20106000
2024-03-19,MSFT,414.1426696777344,414.3981955018545,408.3837114296865,410.62439098905713,19837900
2024-03-20,MSFT,417.8968505859375,418.6142424232922,413.4056537780831,414.7225416621304,17860100
2024-03-21,MSFT,421.9653930664063,423.3903994195494,419.79351351352574,422.4174518440492,21296200
2024-03-22,MSFT,421.3462829589844,422.446963535343,418.7223444405752,422.2897491598315,17648500
2024-03-25,MSFT,415.5676879882813,420.0392404054396,414.3392444656493,417.9066492539799,18060500
2024-03-26,MSFT,414.3785095214844,418.6436612820826,414.0836951106592,418.270209700842,16725600
2024-03-27,MSFT,414.162353515625,417.13029224439015,411.7841036640323,417.1204550990482,16705000
2024-03-28,MSFT,413.4645385742188,414.5947004262664,411.8921251320564,413.70039009359095,21871200
2024-04-01,MSFT,417.2482299804688,420.5109832500247,414.9387501061958,416.6389267777452,16316000
2024-04-02,MSFT,414.1722106933594,415.0960026612766,410.6342871982826,412.8651299341305,17912000
2024-04-03,MSFT,413.1992492675781,415.9607877333754,411.8626872035861,412.49166464341647,16502300
2024-04-04,MSFT,410.673583984375,421.27751676074166,410.3689323931849,417.66095627375125,19370900
2024-04-05,MSFT,418.1817626953125,419.1547102273811,411.1059469592561,412.7668047759354,16554800
2024-04-08,MSFT,417.267822265625,419.91143485729225,416.0000602813901,417.837836797393,14272400
2024-04-09,MSFT,418.9286804199219,420.3634939121141,414.3490398303801,419.0859247739188,12496900
2024-04-10,MSFT,415.9608154296875,416.71752584552905,412.46221066374153,414.90926057255786,16216600
2024-04-11,MSFT,420.5502624511719,421.9654317896823,415.076310912024,418.4766641791292,17966400
2024-04-12,MSFT,414.6242370605469,417.8476715499989,412.5309645735886,416.7371538463039,19253800
2024-04-15,MSFT,406.5067443847656,419.45944655068297,406.30034426550657,419.2432392766727,20273500
2024-04-16,MSFT,407.4304504394531,411.1845807766568,406.59513289625886,407.4206432860486,16765600
2024-04-17,MSFT,404.7377014160156,411.6563030616971,403.2537321874578,410.054408065017,15855500
2024-04-18,MSFT,397.29827880859375,404.7868957018634,396.9838200607476,403.54861503604855,21029900
2024-04-19,MSFT,392.237060546875,398.4873961854359,390.9103356715456,397.0623898394721,30565800
2024-04-22,MSFT,394.0453186035156,395.9027393940693,388.9251749817352,393.1804896634458,20286900
2024-04-23,MSFT,400.5414123535156,401.1605527245356,396.1091782617304,397.2688218184954,15734500
2024-04-24,MSFT,402.0056762695313,405.3568737379943,399.7649965241752,402.4970536697523,15065300
2024-04-25,MSFT,392.1584777832031,392.9938253486681,381.3383380037112,387.2348667133991,40586500
2024-04-26,MSFT,399.31292724609375,405.8777219430486,398.7625869715763,405.0620486762338,29694700
2024-04-29,MSFT,395.3131103515625,399.3129295050505,392.3058831233316,398.2613746922827,19582100
2024-04-30,MSFT,382.6158752441406,395.2246348761621,382.4586608840312,394.5661760291184,28781400
2024-05-01,MSFT,388.129150390625,394.792226173252,383.5789912516123,385.83931510454033,23562500
2024-05-02,MSFT,390.9791870117188,393.0331410549717,387.84419663220166,390.8022983361386,17709400
2024-05-03,MSFT,399.6470642089844,400.1286044561088,394.9298232492529,395.3425934548566,17446700
2024-05-06,MSFT,406.4084167480469,406.7916755135943,399.3620518377186,401.7108501382599,16996600
2024-05-07,MSFT,402.2808532714844,407.5189532422579,402.03516456718575,407.50911609687097,20018200
2024-05-08,MSFT,403.4601135253906,405.1209713289568,399.69614631705593,401.1309897393213,11792300
2024-05-09,MSFT,405.2094421386719,405.60253803694064,402.04497067197207,403.4896213413632,14689700
2024-05-10,MSFT,407.5877685546875,408.2167461033718,404.6984666719322,405.8188216837884,13402300
2024-05-13,MSFT,406.5852966308594,411.13545592488975,403.7353138522874,410.8013229086305,15440200
2024-05-14,MSFT,409.3763427734375,410.29029755221785,404.45273155985166,404.9146275219176,15109300
2024-05-15,MSFT,416.5338439941406,417.2525598208021,410.8137421375517,411.433999213995,22239500
2024-05-16,MSFT,414.4761657714844,418.8376448328751,413.8460838814957,415.2736305334928,17530100
2024-05-17,MSFT,413.7082824707031,416.3763735645946,411.56201978291415,416.00224831627656,15352200
2024-05-20,MSFT,418.75885009765625,420.16671696584166,413.4916228836326,413.7082200976142,16272100
2024-05-21,MSFT,422.4016418457031,426.27082729608,418.2764696581723,420.225814670678,21453300
2024-05-22,MSFT,423.8587341308594,425.7195053768376,420.5212017999642,423.43539455106486,18073700
2024-05-23,MSFT,420.3932189941406,426.89110613989686,418.8376788510908,426.2708490423147,17211700
2024-05-24,MSFT,423.5042724609375,424.39034103334086,417.8432404125856,420.58022514023406,11855300
2024-05-28,MSFT,423.6618347167969,424.1540984130066,419.99939161518114,422.98250841239616,15718000
2024-05-29,MSFT,422.5296325683594,424.27223522977,419.1034664398289,419.1034664398289,15517100
2024-05-30,MSFT,408.2539978027344,417.7349716036768,407.8306281783295,417.7349716036768,28394500
2024-05-31,MSFT,408.7068481445313,410.3017776619535,398.2511723788605,410.3017776619535,47995300
2024-06-03,MSFT,407.1217651367188,409.9867435149057,402.5929630717942,409.1006748520027,17484700
2024-06-04,MSFT,409.63232421875,409.9965945509901,403.341179685009,406.04863004617806,14348900
2024-06-05,MSFT,417.449462890625,417.5183569725432,409.8587351784671,411.3453811328119,16988000
2024-06-06,MSFT,417.9515686035156,418.7293536763162,414.0725281736093,417.449480051286,14861300
2024-06-07,MSFT,417.2919616699219,419.6843561394708,416.4551073364084,419.6056071642028,13621700
2024-06-10,MSFT,421.249755859375,421.45649821147657,417.3313558315188,418.1288206635897,13982900
2024-06-11,MSFT,425.9853210449219,426.1231693068597,418.670289453605,418.8967415787632,14551100
2024-06-12,MSFT,434.2356872558594,436.5394779500611,426.5465300525426,428.584509143896,22366200
2024-06-13,MSFT,434.7475891113281,436.5296113185569,432.5717920048744,434.02890334988575,15960600
2024-06-14,MSFT,435.7223205566406,436.2835084137765,429.9628289677156,431.4986893853765,13582000
2024-06-17,MSFT,441.43255615234375,443.9627988421197,433.9009273701985,435.7419888452348,20790000
2024-06-18,MSFT,439.4339294433594,443.1751513635572,438.0063828272257,442.7517817727517,17112500
2024-06-20,MSFT,438.8038635253906,439.6210080275433,434.4423844149745,439.3945559147101,19877400
2024-06-21,MSFT,442.8207092285156,443.6083190884872,439.6013156180092,440.4578496032106,34187100
2024-06-24,MSFT,440.743408203125,445.74479433203504,439.5028940256874,442.8404263927747,15913700
2024-06-25,MSFT,443.9726257324219,444.4353547941903,439.83759879553867,441.3143898379412,16413400
2024-06-26,MSFT,445.1639099121094,446.5816317625772,441.25533495755695,442.05279974277113,16507000
2024-06-27,MSFT,445.8432312011719,449.1118693221635,444.7799248025884,445.1835846348848,14806300
2024-06-28,MSFT,440.0345458984375,448.3341049043701,439.50289267468526,446.059848949654,28362300
2024-07-01,MSFT,449.6632080078125,450.2932899171113,438.7644825324962,441.71806471797646,17662800
2024-07-02,MSFT,452.17376708984375,452.4789681964248,446.0992194891888,446.1878533998419,13979800
2024-07-03,MSFT,453.64068603515625,453.8868178888205,450.7954174304016,451.10061852531385,9932800
2024-07-05,MSFT,460.32562255859375,461.10340760685847,451.8685359116121,452.4986178155469,16000300
2024-07-08,MSFT,459.0260620117188,460.4634937005408,457.2736043779676,459.331263113158,12962300
2024-07-09,MSFT,452.4297180175781,460.0991646310165,450.9135374483829,459.7742838174559,17207200
2024-07-10,MSFT,459.0359191894531,459.2426615392735,451.7602469814767,454.0837473649462,18196100
2024-07-11,MSFT,447.6646118164063,457.5886345893225,444.5633265323156,455.8164973230346,23111200
2024-07-12,MSFT,446.5324096679688,449.2989293786312,443.6772860929006,447.3003398715442,16324300
2024-07-15,MSFT,446.9360656738281,450.185024234339,444.4452124667996,446.286273961726,14429400
2024-07-16,MSFT,442.5647583007813,447.27079820143007,439.7490242805094,447.19204922721934,17175700
2024-07-17,MSFT,436.6575927734375,437.9670310742686,432.3847473538584,435.74198947896895,21778000
2024-07-18,MSFT,433.5563354492188,437.7701116080265,427.6787055457858,437.4649105112389,20794800
2024-07-19,MSFT,430.3467712402344,434.3144456334854,425.31585048613374,426.39883667006126,20940400
2024-07-22,MSFT,436.0865783691406,437.7208974938516,432.1189340633458,434.95437784378936,15808800
2024-07-23,MSFT,437.9669799804688,441.4522150715158,436.24405718750495,437.03166701756135,13107100
2024-07-24,MSFT,422.2638244628906,434.6491968195245,420.9740958851319,433.6351347306288,26805800
2024-07-25,MSFT,411.9263000488281,423.1499075413269,411.0500861973103,422.1653800411885,29943800
2024-07-26,MSFT,418.6899719238281,422.28352110182095,410.8137524352177,411.72938578526725,23583800
2024-07-29,MSFT,420.12738037109375,425.46350195400487,418.1287909882396,424.90231413559286,15125800
2024-07-30,MSFT,416.3763122558594,422.41143955979663,410.9023126509883,421.1020314288797,32687600
2024-07-31,MSFT,411.8770446777344,415.2539664560443,405.8320320070505,413.9937725831716,42891400
2024-08-01,MSFT,410.65618896484375,420.84605305704525,406.69839983005807,414.2792724511176,30296400
2024-08-02,MSFT,402.1695556640625,408.57883813707474,398.08377329176966,406.1076649473114,29437900
2024-08-05,MSFT,389.0360412597656,394.83492274068107,379.6141057371845,383.1485859534076,40709200
2024-08-06,MSFT,393.4269714355469,399.3932349930632,392.3341604668248,393.81095153508136,24946500
2024-08-07,MSFT,392.2652282714844,403.7349659899612,391.3200904199489,402.3172742353533,20650900
2024-08-08,MSFT,396.4593505859375,399.5802856931157,393.7519001712231,396.2132187300544,20203000
2024-08-09,MSFT,399.7378234863281,401.736413003281,396.0360207139592,397.7786234799922,19276700
2024-08-12,MSFT,400.5155944824219,402.43543495594565,397.98535182009545,400.7617263356741,16762900
2024-08-13,MSFT,407.6042175292969,408.52967573216,403.23291326546496,403.2525929980432,19414300
2024-08-14,MSFT,410.4101257324219,411.25683501944593,406.06838582856113,408.3820014539116,18267000
2024-08-15,MSFT,415.2626647949219,415.3415556987604,411.9388323916096,414.0495026891561,20752100
2024-08-16,MSFT,412.7377624511719,415.5684441235936,411.5837759699612,414.8385903403338,22775600
2024-08-19,MSFT,415.75579833984375,415.9727859407596,410.7552409684263,413.2209954790413,15234000
2024-08-20,MSFT,418.9810791015625,420.0265568174448,415.8643912576991,415.92356696995296,16387600
2024-08-21,MSFT,418.3301086425781,420.5591305026096,415.943244764668,418.27090283610073,16067300
2024-08-22,MSFT,409.8577270507813,420.94378045645306,408.9306008917766,418.5470440541718,19361900
2024-08-23,MSFT,411.080810546875,413.51697764071497,406.4451792024677,411.2682103309817,18493800
2024-08-26,MSFT,407.8259887695313,411.5640816346128,405.7054455704439,410.6665432369522,13152800
2024-08-27,MSFT,408.1712341308594,408.68410035771785,404.6304134061132,407.2046472922476,13492900
2024-08-28,MSFT,404.9755859375,409.3153084895278,401.7306441001557,409.1969570716752,14882700
2024-08-29,MSFT,407.4610595703125,416.26872882049446,404.975589475056,409.2561363555491,17045200
2024-08-30,MSFT,411.426025390625,411.7712070065085,406.4846428028709,409.9071119024553,24308300
2024-09-03,MSFT,403.83148193359375,414.1284769320411,401.4544905684809,412.1854608426902,20313600
2024-09-04,MSFT,403.2988586425781,405.6068015782242,398.830912042889,400.3498254636215,15135800
2024-09-05,MSFT,402.7958679199219,407.4413416778363,400.5668158804491,402.0363961545014,14195500
2024-09-06,MSFT,396.1975402832031,405.02492545418863,395.3098443703073,403.4567088273818,19609500
2024-09-09,MSFT,400.1624145507813,403.0522719406784,396.6413094868822,401.6615826272171,15295100
2024-09-10,MSFT,408.5262451171875,410.6270428090768,402.1152829853601,402.6084339185776,19594300
2024-09-11,MSFT,417.24517822265625,418.1821469994098,403.9695325309428,409.8084532189213,19266900
2024-09-12,MSFT,421.1509399414063,421.5158668532968,414.000250680106,417.51148327493246,17395700
2024-09-13,MSFT,424.6917114257813,425.914716092092,419.631978102124,419.9969049719398,15874600
2024-09-16,MSFT,425.4314575195313,427.5914610863902,422.3542004104568,424.7016037460969,13834700
2024-09-17,MSFT,429.1892395019531,435.7974738673972,426.34868538784633,434.199669703098,18874200
2024-09-18,MSFT,424.9087524414063,430.05724996700025,424.5142376703877,429.0413601343423,18898000
2024-09-19,MSFT,432.6808166503906,435.4523227974912,430.9153276838819,435.1860320995677,21706600
2024-09-20,MSFT,429.3076171875,433.2232369345761,428.2720122322932,431.2309179323644,55167100
2024-09-23,MSFT,427.57177734375,430.4813501002658,424.4945200082598,428.33121902605126,15128900
2024-09-24,MSFT,423.2911682128906,427.4139026246477,420.26321438100086,427.0686909653906,17015800
2024-09-25,MSFT,426.1909484863281,427.1871231515397,422.6994610311912,423.94218110016,13396400
2024-09-26,MSFT,425.40185546875,429.3371902827192,423.2517246244965,429.1300753187062,14492000
2024-09-27,MSFT,422.1569213867188,425.9344744566884,421.6144673905514,425.6089779793521,14896100
2024-09-30,MSFT,424.40570068359375,424.52408219664926,419.5432394814415,422.3443332995087,16807300
2024-10-01,MSFT,414.9273376464844,422.6106376703255,413.07308530803846,422.5810498180969,19092900
2024-10-02,MSFT,411.4161376953125,417.0281982052677,411.0018776320328,416.7914652693021,16582300
2024-10-03,MSFT,410.8341979980469,413.8029462214933,408.61501874387466,411.90926344701154,13686400
2024-10-04,MSFT,410.36077880859375,414.00023534021534,409.28571331626097,412.5109097932594,19169700
2024-10-07,MSFT,403.9301452636719,411.39642881924686,403.3975337350232,410.3016480043268,20919800
2024-10-08,MSFT,409.0292663574219,409.966265233936,402.578873384896,405.27145839926953,19229300
2024-10-09,MSFT,411.7415771484375,414.6215919010832,408.62485957486433,410.1634881099829,14974300
2024-10-10,MSFT,410.143798828125,411.6331244028535,407.49064417755886,409.54216908706456,13848400
2024-10-11,MSFT,410.6172180175781,411.41612015598,407.589263932771,410.4396908978323,14144900
2024-10-14,MSFT,413.3985900878906,418.2314633461143,411.80075573680847,412.0473312101826,16653100
2024-10-15,MSFT,413.0040588378906,416.69284850861214,409.57174739931537,416.3969398711013,18900200
2024-10-16,MSFT,410.41998291015625,410.6566857580044,404.8572552888869,409.4830140710585,15508900
2024-10-17,MSFT,411.0117492675781,416.7125733271007,409.8972232496161,416.57447660649984,14820000
2024-10-18,MSFT,412.4319763183594,413.9015564113299,410.5580088636597,411.42595928887886,17145300
2024-10-21,MSFT,413.0434875488281,413.22101465794185,408.082390447192,410.4199210158205,14206100
2024-10-22,MSFT,421.6539611816406,424.68188532771023,412.3136804024992,412.75749822543423,25482200
2024-10-23,MSFT,418.7838439941406,425.1750618243365,416.742191587473,424.9580741758084,19654400
2024-10-24,MSFT,418.9119873046875,420.1448645928143,416.6138871838752,419.5037443233538,13581600
2024-10-25,MSFT,422.28515625,426.5952907757042,420.7268124778327,420.9142122484759,16899100
2024-10-28,MSFT,420.7465515136719,426.0232730447796,420.46051551603273,425.74710969864265,14882400
2024-10-29,MSFT,426.03314208984375,427.2364316805858,419.9673609785876,422.1372373224,17644100
2024-10-30,MSFT,426.6051940917969,432.4934181148105,426.1810914644013,431.4479404242528,29749100
2024-10-31,MSFT,400.7838134765625,410.4594334413064,400.7344803180944,409.6703738017444,53971000
2024-11-01,MSFT,404.7486877441406,409.8084210802644,401.9180062339536,403.40733166804887,24230400
2024-11-04,MSFT,402.8648681640625,404.7980415718176,400.01447130701087,404.1865091063775,19672300
2024-11-05,MSFT,405.8237609863281,409.2166418436789,402.4900558335031,402.7760918050739,17626000
2024-11-06,MSFT,414.4242858886719,414.69060664017087,404.8966068246173,406.7706043368608,26681800
2024-11-07,MSFT,419.6024169921875,421.0029789570154,414.1284533970031,415.5092700597973,19901800
2024-11-08,MSFT,416.7519836425781,420.65773046119216,416.0023846199846,419.493901525776,16891400
2024-11-11,MSFT,412.2840270996094,418.9908673331369,410.3015508398996,416.7322277720358,24503300
2024-11-12,MSFT,417.2352600097656,418.6259491955741,411.4851336112788,412.52073848816826,19401200
2024-11-13,MSFT,419.3756103515625,423.4490122105285,412.481339102593,415.8643777407356,21502200
2024-11-14,MSFT,421.0424499511719,422.30491523139983,414.24681513135374,419.1783248352984,30246900
2024-11-15,MSFT,409.31536865234375,417.0085129390011,407.9740122534604,414.06935196516207,28247600
2024-11-18,MSFT,410.06488037109375,412.6687016895816,406.45501186857297,409.1870572477352,24727000
2024-11-19,MSFT,412.0671081542969,412.2150474297726,405.9125633985823,407.4511920626241,18133500
2024-11-20,MSFT,409.798583984375,411.57394553855335,404.9558378403451,411.1596854793811,19191700
2024-11-21,MSFT,408.0295715332031,414.85856338751086,405.47983232208855,414.5818472703372,20780200
2024-11-22,MSFT,412.1111450195313,412.50644943843054,406.2407824115055,406.547145598137,24814600
2024-11-25,MSFT,413.8801574707031,416.143288030705,409.9863472135053,413.4749606494442,27691100
2024-11-26,MSFT,422.9723205566406,424.0100286609721,413.9394917851935,414.67080652096905,23458900
2024-11-27,MSFT,418.0308837890625,422.2211948203964,417.0722547980022,420.12602422483343,18332400
2024-11-29,MSFT,418.4954223632813,419.8987878079345,412.9017755703151,415.1649364652311,16271900
2024-12-02,MSFT,425.9272766113281,427.9235836266096,416.3706327320821,416.62759418862754,20207200
2024-12-03,MSFT,426.1446533203125,427.3997530713115,422.7251964040861,424.8005821824231,18302000
2024-12-04,MSFT,432.2917785644531,434.5153999624501,427.5579272324192,427.9532316712151,26009400
2024-12-05,MSFT,437.4307556152344,439.4468472719849,431.05639296725934,432.78587611481566,21697800
2024-12-06,MSFT,438.3696594238281,440.8699968788184,436.5907442566123,437.1145294101148,18821000
2024-12-09,MSFT,440.7908935546875,443.0738089240489,435.3356203613735,437.4110061952819,19144400
2024-12-10,MSFT,438.1324462890625,444.34871163189086,436.4227478753231,439.1800467406791,18469500
2024-12-11,MSFT,443.7261352539063,445.07020661100427,438.8440482605507,438.8440482605507,19200200
2024-12-12,MSFT,444.2894287109375,450.8120574082061,443.8446923743848,443.8446923743848,20834800
2024-12-13,MSFT,442.0262145996094,446.13744655491615,440.3560256752725,443.18251083945466,20177800
2024-12-16,MSFT,446.2956237792969,446.8787030896928,440.0596036741231,442.02626356510217,23598800
2024-12-17,MSFT,449.1319885253906,449.9522746519603,444.2993336430134,445.7224537683285,22733500
2024-12-18,MSFT,432.2620849609375,447.3431572883964,431.89639748062007,446.0287633849149,24444500
2024-12-19,MSFT,431.90631103515625,437.9842031344139,431.2046434354816,436.44249480171817,22963700
2024-12-20,MSFT,431.4813537597656,438.5376294710308,423.6047919913248,428.0322496423796,64263700
2024-12-23,MSFT,430.1471862792969,432.51904296318025,427.7555447705133,431.6197080642481,19152500
2024-12-24,MSFT,434.1793518066406,434.44620567192754,429.0996280307953,429.55422661934296,7164500
2024-12-26,MSFT,432.9736633300781,435.7705018127553,431.5110338839644,433.9322924323696,8194200
2024-12-27,MSFT,425.4825439453125,430.117561657289,421.351556737901,429.5048352492743,18117700
2024-12-30,MSFT,419.8493347167969,422.5374469947348,416.9536928964599,421.0649252132939,13158700
2024-12-31,MSFT,416.5584106445313,421.72710593306806,415.7282622709632,421.1044871129431,13246500
2024-01-02,NVDA,48.08253479003906,49.20753405733888,47.510553413556266,49.15662585656264,411254000
2024-01-03,NVDA,47.48459243774414,48.098499031561545,47.23603372218609,47.40074185532866,320896000
2024-01-04,NVDA,47.912841796875,48.41395003873669,47.42370949212884,47.68224884044641,306535000
2024-01-05,NVDA,49.009883880615234,49.45908617572525,48.220287041681374,48.37601228101952,415039000
2024-01-08,NVDA,52.160282135009766,52.18224626703925,49.39120597722168,49.42414836733732,642510000
2024-01-09,NVDA,53.04571533203125,54.22861420741035,51.598287244233845,52.30802809263291,773100000
2024-01-10,NVDA,54.253562927246094,54.50311934146144,53.39409057576156,53.52086794542818,533796000
2024-01-11,NVDA,54.72472381591797,55.24779611496442,53.46496584925973,54.90141170121365,596759000
2024-01-12,NVDA,54.61292266845703,54.872463461679565,54.23359967517569,54.52308221048439,352994000
2024-01-16,NVDA,56.281959533691406,56.73415487746208,54.80259064863885,54.92038130782368,449580000
2024-01-17,NVDA,55.95354461669922,56.37080221365978,54.642874592370525,56.24702168282456,474394000
2024-01-18,NVDA,57.005672454833984,57.497797746406825,56.00744677307047,57.15840086229008,491650000
2024-01-19,NVDA,59.38544845581055,59.39443136029789,57.12346628511491,57.88611068736901,543501000
2024-01-22,NVDA,59.54815673828125,60.22395750387172,58.96519328035112,59.94245635666948,452955000
2024-01-23,NVDA,59.76676940917969,59.8037025116824,58.48105267598879,59.46430561582059,294654000
2024-01-24,NVDA,61.25312423706055,62.73748534909312,59.83165106926005,60.19700279855746,560271000
2024-01-25,NVDA,61.50767135620117,62.607717226695215,60.74203016945469,62.239368666397,482777000
2024-01-26,NVDA,60.92271423339844,61.67338271174931,60.46553046315559,60.85184105783135,390309000
2024-01-29,NVDA,62.35416793823242,62.37812361839996,60.79893365210522,61.12335395532468,348733000
2024-01-30,NVDA,62.66261291503906,63.38033889790534,62.14952501071203,62.78839260190601,410735000
2024-01-31,NVDA,61.41783142089844,62.15851544921119,60.59229912426738,61.33098398998848,453795000
2024-02-01,NVDA,62.9151725769043,63.07888305643791,61.54061686379006,61.98981538927627,369146000
2024-02-02,NVDA,66.0426254272461,66.48183961937383,63.57700256861582,63.86049910404713,476578000
2024-02-05,NVDA,69.208984375,69.37369252800232,67.08575942583846,68.10394628020288,680078000
2024-02-06,NVDA,68.1019515991211,69.630233381063,66.18236704818828,69.50645284574946,683111000
2024-02-07,NVDA,69.97461700439453,70.09540449820057,67.48005062301553,68.19777661316522,495575000
2024-02-08,NVDA,69.5174331665039,70.66838724943909,69.33176617612584,69.94966354395652,414422000
2024-02-09,NVDA,72.0050277709961,72.0569298484953,70.08743069197543,70.40786033375117,436637000
2024-02-12,NVDA,72.11979675292969,74.47860256491589,71.12356661094503,72.47116950777065,613710000
2024-02-13,NVDA,72.00003051757812,73.31968365428922,69.4964845401849,70.27509946360114,602580000
2024-02-14,NVDA,73.76888275146484,74.10428513350574,71.81036588559786,73.0721231436502,504917000
2024-02-15,NVDA,72.52909088134766,73.84375566502169,72.27155299901098,73.7379485382384,420122000
2024-02-16,NVDA,72.4841537475586,74.2699807907232,72.37235296886776,73.96851471281462,495327000
2024-02-20,NVDA,69.32878112792969,71.82833631589585,67.61382690331146,71.81934960299229,704833000
2024-02-21,NVDA,67.35228729248047,68.76577530674938,66.13045996080022,67.88533642606332,673755000
2024-02-22,NVDA,78.3986587524414,78.43558804957509,74.08831901858908,74.89189108055353,865100000
2024-02-23,NVDA,78.67715454101562,82.24780364536768,77.4323654765101,80.64665337566204,829388000
2024-02-26,NVDA,78.95166778564453,80.5029113343283,78.36570371037314,79.55858308487059,503973000
2024-02-27,NVDA,78.56135559082031,79.33898034064636,77.0250924240117,79.24014935736925,391705000
2024-02-28,NVDA,77.52519989013672,78.7929431019633,76.98815248522881,77.48227691873889,393110000
2024-02-29,NVDA,78.97162628173828,79.84806674793919,78.21097730890395,78.95366047452625,507289000
2024-03-01,NVDA,82.13299560546875,82.15396205759876,79.29404050410636,79.85804035116041,479135000
2024-03-04,NVDA,85.08576202392578,87.53940093463996,83.57045769196934,83.98072393894745,615616000
2024-03-05,NVDA,85.81550598144531,85.94827947163024,83.2729084960246,85.12270452666515,520639000
2024-03-06,NVDA,88.54676055908203,89.56899358821315,86.87964744648528,87.86993807352297,582520000
2024-03-07,NVDA,92.50891876220705,92.60674904676836,89.44721547430589,90.00225477502153,608119000
2024-03-08,NVDA,87.37679290771484,97.23174040772028,86.35655527181379,94.97364703765751,1142269000
2024-03-11,NVDA,85.62583923339844,88.64361241866209,84.02061512714978,86.27970659200646,678364000
2024-03-12,NVDA,91.75421905517578,91.80113493638854,86.0011743538899,87.89689583589372,668075000
2024-03-13,NVDA,90.73098754882812,91.345920701362,88.28222228746216,90.8976988663388,635713000
2024-03-14,NVDA,87.79208374023438,90.4894197158164,86.4504036300163,89.42226608746894,602318000
2024-03-15,NVDA,87.68526458740234,89.39131202190967,86.10799973550625,86.77983369344113,642086000
2024-03-18,NVDA,88.30219268798828,92.24536587684682,86.9345566695886,90.23185202169164,668976000
2024-03-19,NVDA,89.24356842041016,90.38758481674584,84.86314816147532,86.55022352343148,672171000
2024-03-20,NVDA,90.21588897705078,90.253825344818,88.07059918494765,89.64187768825083,479063000
2024-03-21,NVDA,91.27703857421876,92.48794810720764,90.24881917443112,92.14054972284488,480372000
2024-03-22,NVDA,94.1261215209961,94.614275211656,90.67708804781446,90.9835569272488,586719000
2024-03-25,NVDA,94.837890625,96.59884339661212,93.3484711637127,93.7787264023212,552136000
2024-03-26,NVDA,92.40109252929688,96.20850660908964,92.34219634403308,95.68540977780972,513648000
2024-03-27,NVDA,90.0940933227539,93.0789259717654,88.96904130951937,92.95114873658731,586067000
2024-03-28,NVDA,90.19992065429688,91.14229021994063,89.03892762518525,89.8445328106342,435212000
2024-04-01,NVDA,90.2069091796875,92.0656923406594,89.04991460651756,90.1430243616366,452441000
2024-04-02,NVDA,89.29747009277344,89.93835929549583,87.46863424504667,88.295199136712,433064000
2024-04-03,NVDA,88.8103256225586,90.21789372586332,88.24730447420946,88.33115901188768,370067000
2024-04-04,NVDA,85.75659942626953,90.47743406262694,85.73164109008061,90.2498234806904,434965000
2024-04-05,NVDA,87.85597229003906,88.32815477151372,85.77756814573236,86.71593914747515,399678000
2024-04-08,NVDA,86.98247528076172,88.67654220104028,86.58216705957724,88.54676191015398,283220000
2024-04-09,NVDA,85.20654296875,87.4836082761363,82.87857850073121,87.29094090122678,501700000
2024-04-10,NVDA,86.8886489868164,87.24902545092569,83.56439945092491,83.78102746556362,431929000
2024-04-11,NVDA,90.45946502685548,90.58225365038548,86.77584440203218,87.26898672835297,431637000
2024-04-12,NVDA,88.03365325927734,90.01922323878227,87.37878828439109,89.54403999734934,426805000
2024-04-15,NVDA,85.85240936279297,90.45644039255018,85.78053516373421,88.94405857588228,443077000
2024-04-16,NVDA,87.26399230957031,87.965773191981,85.91532822119116,86.28368645109244,370453000
2024-04-17,NVDA,83.88983154296875,88.62164096734257,83.80497167986917,88.18738725935935,495400000
2024-04-18,NVDA,84.52471923828125,86.0410998135889,82.25964198597137,84.82320627802973,447260000
2024-04-19,NVDA,76.06836700439453,84.17833393456459,75.47539894537725,83.00636595540483,875198000
2024-04-22,NVDA,79.38063049316406,79.93467203595871,76.26802061217705,77.96907171420484,596341000
2024-04-23,NVDA,82.28060913085938,82.62601207910251,80.12534225900131,80.62946711947102,438559000
2024-04-24,NVDA,79.53935241699219,83.93674114541149,79.04620255838257,83.80496541021976,512208000
2024-04-25,NVDA,82.4892578125,83.1790583894206,78.08787011237102,78.73175253009703,424641000
2024-04-26,NVDA,87.58345031738281,88.17842147858853,83.2429613231266,83.67321658546781,551011000
2024-04-29,NVDA,87.60541534423828,87.84000240637579,85.11871327693655,87.44369261843626,388971000
2024-04-30,NVDA,86.25273895263672,88.66556334587189,86.15091777999787,87.08928872900789,363709000
2024-05-01,NVDA,82.89754486083984,85.85143274518,81.11462711525115,84.93003072487383,559863000
2024-05-02,NVDA,85.66874694824219,86.08801954331209,83.05626359727954,84.30310641773906,377898000
2024-05-03,NVDA,88.63561248779297,89.12675929539812,86.8896334546632,87.6373400551101,398341000
2024-05-06,NVDA,91.98082733154295,92.06069095925292,88.90115758999175,89.23557796278553,376203000
2024-05-07,NVDA,90.39756774902344,91.62244547206085,88.85723403089521,90.94062670307744,437342000
2024-05-08,NVDA,90.2558135986328,91.03646035901208,89.26552291616532,89.32841761603471,325721000
2024-05-09,NVDA,88.59368896484375,90.91466942223298,88.07858152551931,90.37260819958134,378013000
2024-05-10,NVDA,89.72274017333984,91.24311191356408,89.07286375704587,90.14900450939768,335325000
2024-05-13,NVDA,90.24283599853516,90.84080023922876,88.37606371894472,90.32169428450598,289680000
2024-05-14,NVDA,91.19818115234376,91.49266969851776,88.78036057605543,89.44421267221655,296507000
2024-05-15,NVDA,94.4665298461914,94.6981313350878,91.44076747625896,92.31226052004403,417735000
2024-05-16,NVDA,94.19600677490234,95.65348387790416,93.94044465961883,94.74605748352668,323952000
2024-05-17,NVDA,92.31924438476562,94.57634022771543,91.64741042469608,94.20598653059945,359691000
2024-05-20,NVDA,94.61627197265624,95.03554461976276,93.27859039868352,93.58805245494568,318764000
2024-05-21,NVDA,95.2212142944336,95.23519004733342,93.01902406434208,93.43729892728764,328946000
2024-05-22,NVDA,94.78596496582033,95.85411617010452,93.0879071432018,95.29408831779948,548648000
2024-05-23,NVDA,103.61969757080078,106.1363388077003,101.34462744914428,101.85175314144692,835065000
2024-05-24,NVDA,106.28507232666016,106.29105867121642,102.82206339543843,104.2685576920773,429494000
2024-05-28,NVDA,113.70423126220705,114.74044007562202,109.69317481392171,110.05355122917427,652728000
2024-05-29,NVDA,114.62664794921876,115.292495588891,110.70943029840856,112.85472018181774,557442000
2024-05-30,NVDA,110.30911254882812,115.61892428256706,109.47356046717066,114.4519449958506,484553000
2024-05-31,NVDA,109.44361114501952,112.52228313915188,106.75526253688238,112.32561724375552,613263000
2024-06-03,NVDA,114.80133819580078,114.80133819580078,111.80951385006522,113.42472260342709,438392000
2024-06-04,NVDA,116.23585510253906,116.39857553569502,113.8479889155611,115.51610755402032,403324000
2024-06-05,NVDA,122.22848510742188,122.2374646244509,117.265074206108,118.16651413530396,528402000
2024-06-06,NVDA,120.78897857666016,125.3700480295792,118.11560338652608,123.83370517037008,664696000
2024-06-07,NVDA,120.67916107177734,121.481772978908,117.81811489560457,119.5630886281056,412386000
2024-06-10,NVDA,121.5796127319336,122.88734731323206,116.80787124184928,120.16206756268632,313434100
2024-06-11,NVDA,120.71105194091795,122.6678259391316,118.54461678500223,121.56962984389476,222551200
2024-06-12,NVDA,124.99398803710938,126.67122400488893,122.36831828276222,122.85750988511934,299595000
2024-06-13,NVDA,129.39674377441406,129.5864335908741,126.95077798576432,129.177104537848,260704500
2024-06-14,NVDA,131.6630096435547,132.6214215295718,128.10886970168357,129.74617063783822,309320400
2024-06-17,NVDA,130.76446533203125,133.50994014798042,129.36677515556565,132.7711675834259,288504400
2024-06-18,NVDA,135.35690307617188,136.10566894087242,130.47495024767164,130.92420671975586,294335100
2024-06-20,NVDA,130.56480407714844,140.52837801062054,129.30688285479897,139.56996619369176,517768400
2024-06-21,NVDA,126.36173248291016,130.4150570517715,124.09547105255643,126.9108305208226,649445800
2024-06-24,NVDA,117.9156494140625,124.25519890170064,117.84576490444157,123.03720520530106,476060900
2024-06-25,NVDA,125.88251495361328,126.29184395373642,119.1236583558784,121.00056206941292,414192600
2024-06-26,NVDA,126.19200134277344,127.9091645624237,122.39825146602374,125.92244138152635,362975900
2024-06-27,NVDA,123.78597259521484,126.2019962793405,122.71773358253314,123.8957921998042,252571700
2024-06-28,NVDA,123.3367156982422,127.49985213027983,122.54801473015355,124.3750052910358,315516700
2024-07-01,NVDA,124.095458984375,124.63456367500989,118.63445902087864,123.26682297750608,284885500
2024-07-02,NVDA,122.4681396484375,123.20692743216772,120.8308389451457,120.93067286767032,218374000
2024-07-03,NVDA,128.0689239501953,128.0689239501953,121.16031210370706,121.45982152361672,215749000
2024-07-05,NVDA,125.62294006347656,128.6379747149119,125.4731853752408,127.17038486367323,214176700
2024-07-08,NVDA,127.98902893066406,130.55480700867955,126.83094180644568,127.28019823232948,237677300
2024-07-09,NVDA,131.16383361816406,133.59982130546845,128.4383145629174,130.13552958791902,285366600
2024-07-10,NVDA,134.68800354003906,134.87769332438475,132.20209545632153,133.8094467425138,248978600
2024-07-11,NVDA,127.19035339355467,135.92594686670037,126.84093087332322,135.5266111960585,374782700
2024-07-12,NVDA,129.02734375,131.70292655352904,127.01066335258952,128.04894535138322,252680500
2024-07-15,NVDA,128.2286376953125,131.1737800395054,126.97070905664152,130.34514408452472,208326200
2024-07-16,NVDA,126.1520767211914,128.82765950066548,124.37500690887067,128.22865593379024,214769500
2024-07-17,NVDA,117.79584503173828,121.64949400158038,116.52793817127537,121.15031675281162,390086200
2024-07-18,NVDA,120.8907470703125,122.19859669151472,116.36820224234276,121.64949865015036,320979500
2024-07-19,NVDA,117.7359390258789,121.39989798056288,117.17686297871008,120.15195493467544,217223800
2024-07-22,NVDA,123.3367156982422,123.86584236392233,119.662770837911,120.15196240961752,258068900
2024-07-23,NVDA,122.38826751708984,124.4848179409612,121.89907597271184,122.5779572986576,173911000
2024-07-24,NVDA,114.06201171875,119.75262982559674,113.25334693957733,118.97391446537992,327776900
2024-07-25,NVDA,112.09524536132812,116.43808604158576,106.12508953993542,112.85399693651604,460067000
2024-07-26,NVDA,112.87394714355467,116.00877938122822,111.39638688236369,115.998801321254,293399100
2024-07-29,NVDA,111.4063720703125,116.08865698961546,111.1168559757427,113.50292255867154,248152100
2024-07-30,NVDA,103.55931091308594,111.80571322284378,102.37126667488351,111.33648541055072,486833300
2024-07-31,NVDA,116.82744598388672,118.14527368402076,110.6975496617802,112.71423011638636,473174200
2024-08-01,NVDA,109.0302963256836,119.9622829008677,106.63424395188704,117.3366056358286,523462300
2024-08-02,NVDA,107.09347534179688,108.54109382170915,101.20319035397924,103.58925680976456,482027500
2024-08-05,NVDA,100.28470611572266,103.239842127859,90.5407717150732,91.90851250035082,552842400
2024-08-06,NVDA,104.07846069335938,107.5327664843651,100.38455194570304,103.6691316762756,409012100
2024-08-07,NVDA,98.74724578857422,108.62097103799088,98.52760658313277,107.6325946135043,411440400
2024-08-08,NVDA,104.7972640991211,105.32639072006307,97.35951914167632,101.83215026963444,391910000
2024-08-09,NVDA,104.57762908935548,106.42458330646772,103.25980151433504,105.4661639443474,290844200
2024-08-12,NVDA,108.84060668945312,110.88723650727508,106.08515369153116,106.14505252549102,325559900
2024-08-13,NVDA,115.94889831542967,116.03875418683984,111.39640394640423,112.25498947976828,312646700
2024-08-14,NVDA,117.8856964111328,118.40483737868666,113.88229289564154,118.3349528711921,339246400
2024-08-15,NVDA,122.6578369140625,123.03720888953038,117.27670666159618,118.56458490618095,318086700
2024-08-16,NVDA,124.375,124.79430704362495,120.9805933250454,121.73934484458584,302589900
2024-08-19,NVDA,129.7860870361328,129.7860870361328,123.21691249503144,124.0754979878485,318333600
2024-08-20,NVDA,127.04061126708984,129.6662885004724,125.6828485255364,128.18871285893894,300087400
2024-08-21,NVDA,128.28855895996094,129.13716641620366,126.45159025428316,127.11050029285344,257883600
2024-08-22,NVDA,123.536376953125,130.5348437487765,122.89743071735391,129.80604926899383,376189100
2024-08-23,NVDA,129.15711975097656,129.38675225949072,125.01395457447234,125.65290085977207,323230300
2024-08-26,NVDA,126.2519073486328,131.04400430992783,124.16535012958607,129.35679802537263,331964700
2024-08-27,NVDA,128.08889770507812,128.98741074794592,123.67616460225028,124.84424526829238,303134600
2024-08-28,NVDA,125.40331268310548,128.118838213882,122.43819852070378,127.90917706049711,448101100
2024-08-29,NVDA,117.3965072631836,124.22525631015375,116.51795800585045,121.16030816238968,453023300
2024-08-30,NVDA,119.17357635498048,121.54965726206557,117.02711271158417,119.33330911013266,333751600
2024-09-03,NVDA,107.82228088378906,116.01877002584148,107.1134501364442,115.81910218205196,477155100
2024-09-04,NVDA,106.03523254394533,113.0836130103624,103.9486752554176,105.23655349888746,372470300
2024-09-05,NVDA,107.03359985351562,109.46958760825204,104.58763403652246,104.81725133789038,306850700
2024-09-06,NVDA,102.66080474853516,107.97205088494898,100.78389323668084,107.86223127024084,413638100
2024-09-09,NVDA,106.2947998046875,106.37466998895036,103.5193756446925,104.7074122640328,273912000
2024-09-10,NVDA,107.922119140625,109.21998302790868,104.77730096516092,107.6325954237128,268283700
2024-09-11,NVDA,116.71763610839844,116.9971741685222,107.24324578146684,109.21000549756162,441422400
2024-09-12,NVDA,118.95413208007812,120.60155948017248,115.19999582839206,116.6577172050991,366052700
2024-09-13,NVDA,118.91419219970705,119.77285113489948,117.4165323291377,118.89422675312926,238358300
2024-09-16,NVDA,116.59781646728516,117.99563392468085,114.18159360974668,116.60780299971084,248772300
2024-09-17,NVDA,115.40967559814452,118.61467469194449,114.65086668501064,117.98565261863205,231925900
2024-09-18,NVDA,113.19314575195312,117.51638517066618,113.0433782281772,115.7092112049166,310318900
2024-09-19,NVDA,117.68611145019533,119.47331975028854,117.06707598202318,117.1669184465692,293506400
2024-09-20,NVDA,115.81903839111328,118.43495389707196,115.2099893901744,116.87738233881376,382462400
2024-09-23,NVDA,116.07862854003906,116.80748542405604,114.68081111279044,116.36817703420066,206228500
2024-09-24,NVDA,120.6814422607422,121.6099917401929,115.20000132519814,116.33822228484836,354966800
2024-09-25,NVDA,123.31731414794922,124.74508350925583,121.42027681497308,121.8296332127646,284692900
2024-09-26,NVDA,123.8464813232422,127.47081527785902,121.6099781665842,126.60217747362805,302582900
2024-09-27,NVDA,121.21060943603516,123.83650371853182,119.07394858799772,123.7765997601264,271009200
2024-09-30,NVDA,121.25054168701172,121.31044564232414,117.96567356169255,118.12541998168962,226553700
2024-10-01,NVDA,116.81746673583984,122.24898215671048,115.60935538711524,121.58002164337384,302094500
2024-10-02,NVDA,118.66458129882812,119.19375323018366,114.96037016184738,116.25834508658102,221845900
2024-10-03,NVDA,122.6583480834961,124.16599456239771,120.15226164035356,120.73135864781146,277118000
2024-10-04,NVDA,124.72511291503906,124.84492844767551,121.63993722019764,124.7450859792245,243678100
2024-10-07,NVDA,127.52074432373048,130.43618698242878,124.7550615549546,124.79500006476454,346250200
2024-10-08,NVDA,132.68267822265625,133.27175410957346,129.2180905372518,130.0567764001493,285722500
2024-10-09,NVDA,132.4430694580078,134.31016275245554,131.17506153574655,133.90079866653508,246191600
2024-10-10,NVDA,134.5996856689453,134.7893916948541,130.79563194093248,131.70421594134592,242311300
2024-10-11,NVDA,134.58970642089844,135.5681732923908,133.4514855032485,133.80093033986074,170209500
2024-10-14,NVDA,137.85459899902344,139.3822107684187,136.0873561782587,136.2570891265267,232347700
2024-10-15,NVDA,131.39471435546875,138.3538425999703,128.53917525345673,137.65492238931424,377831000
2024-10-16,NVDA,135.50827026367188,136.40686011825153,131.37472950963348,133.77097927850218,264879700
2024-10-17,NVDA,136.71636962890625,140.6701983777905,136.65646567187505,139.12261346955344,306435900
2024-10-18,NVDA,137.7847137451172,138.6833036103306,137.06583575895257,138.45366668655112,176090200
2024-10-21,NVDA,143.4857940673828,143.4857940673828,137.78469595874105,137.91449801128798,264554500
2024-10-22,NVDA,143.36599731445312,144.19470435057536,141.55882333477078,142.6870654207542,226311600
2024-10-23,NVDA,139.34228515625,142.20780310560568,137.2455702792771,141.80843319617813,285930000
2024-10-24,NVDA,140.19094848632812,141.12948441968888,138.2439937495604,140.6003124972593,172354900
2024-10-25,NVDA,141.31918334960938,143.90515439009727,140.5803475394567,140.71013437273555,205122100
2024-10-28,NVDA,140.30076599121094,142.91667341121004,139.83149806296922,142.77689244758375,173586700
2024-10-29,NVDA,141.02963256835938,142.0380513591214,138.68329276437913,140.0711235834401,157593600
2024-10-30,NVDA,139.1226043701172,140.1110653014331,136.59655278062618,139.32228929215535,179418100
2024-10-31,NVDA,132.5528564453125,137.3952953531048,131.90387669828044,137.38531644014395,270039600
2024-11-01,NVDA,135.1887664794922,137.09579048755296,134.36007470728345,134.4898615442038,207127800
2024-11-04,NVDA,135.83773803710938,138.7432015157854,135.3584911981984,136.99593186321135,187528200
2024-11-05,NVDA,139.6917266845703,140.151000495864,137.11574997671616,137.2355578866217,160537400
2024-11-06,NVDA,145.3828125,146.26144435454805,141.73851350917226,142.7369532584381,242043900
2024-11-07,NVDA,148.6477508544922,148.69766066609404,145.9419717733186,146.1616297903136,207323300
2024-11-08,NVDA,147.399658203125,149.53631855776948,146.03178545046896,148.53787885494532,175665800
2024-11-11,NVDA,145.03338623046875,148.61779734270107,143.3460354590936,148.44804913905642,182325600
2024-11-12,NVDA,148.0586395263672,149.41651833977537,145.78219787373922,146.55100082856893,198634700
2024-11-13,NVDA,146.04177856445312,149.09700159587854,145.67234551723544,148.83741275957428,191903300
2024-11-14,NVDA,146.53103637695312,148.7675472701728,145.32293261192063,147.40966837696516,194463300
2024-11-15,NVDA,141.75848388671875,145.0134075079149,139.8614542891372,144.6439744081883,250132900
2024-11-18,NVDA,139.93133544921875,141.32916034590224,136.93601597273187,139.28235565663965,221205300
2024-11-19,NVDA,146.7806396484375,146.90046279249913,140.77004260660007,141.09952959154865,227834900
2024-11-20,NVDA,145.6623992919922,147.32979212988033,142.50732548898966,147.18003223590216,309871700
2024-11-21,NVDA,146.44119262695312,152.65149063112756,140.4805046221909,149.11701974284432,400946600
2024-11-22,NVDA,141.72854614257812,146.93042492260167,140.8798813363258,145.70233282975542,236406200
2024-11-25,NVDA,135.80780029296875,141.82839170792872,135.60811535874635,141.76848775116036,344941900
2024-11-26,NVDA,136.70639038085938,139.08268223719327,135.45834049580736,137.4851722903331,190287700
2024-11-27,NVDA,135.1288604736328,137.00593247284488,131.59438972010054,134.7993734587721,226370900
2024-11-29,NVDA,138.03433227539062,139.13262238748922,135.837767286179,136.56662423239774,141863200
2024-12-02,NVDA,138.4137420654297,140.2308949431091,137.6050081030844,138.61342701841852,171682800
2024-12-03,NVDA,140.04119873046875,140.3207607312636,137.73480460641824,138.04431859051348,164414000
2024-12-04,NVDA,144.91355895996094,145.56253876730494,140.07111960214385,141.77845844597738,231224300
2024-12-05,NVDA,144.8436737060547,146.32146235801875,143.73532840807314,144.89360218968224,172621200
2024-12-06,NVDA,142.22760009765625,145.482733396531,141.09928024490165,144.38438282581114,188505600
2024-12-09,NVDA,138.6029815673828,139.74128080496888,136.92549436926976,138.76274660606958,189308600
2024-12-10,NVDA,134.8685760498047,141.60850970621567,133.5904709096604,138.80268748950093,210020900
2024-12-11,NVDA,139.10223388671875,139.9609519122756,135.00835767243856,137.15514511831444,184905200
2024-12-12,NVDA,137.1351776123047,138.23354324797214,135.59748095840345,136.8755708420711,159211400
2024-12-13,NVDA,134.0498046875,139.3918327936691,132.34234795745746,138.73281333743972,231514900
2024-12-16,NVDA,131.80313110351562,134.19954557462145,130.2254857362255,133.9798724705664,237951100
2024-12-17,NVDA,130.19554138183594,131.39374870651014,126.67080709010266,128.89747709842524,259410300
2024-12-18,NVDA,128.71775817871094,136.49613412730267,128.08869283192976,133.6603731199009,277444500
2024-12-19,NVDA,130.485107421875,133.8301176053825,129.3568029702355,131.56349862817564,209719200
2024-12-20,NVDA,134.4990997314453,135.0782365234782,128.02876854092193,129.61639349168385,306528600
2024-12-23,NVDA,139.46170043945312,139.58151660116854,134.91848306333998,136.0767567466981,176053500
2024-12-24,NVDA,140.01089477539062,141.6883821217358,138.44322876231024,139.79122163679293,105157000
2024-12-26,NVDA,139.7213134765625,140.63995487774488,137.52459740894255,139.49166074428362,116205600
2024-12-27,NVDA,136.8056640625,138.81267619141968,134.50910636621433,138.34337590905767,170582600
2024-12-30,NVDA,137.2849578857422,140.06081067569033,133.82013169900247,134.628921256616,167734700
2024-12-31,NVDA,134.08975219726562,137.86412982039317,133.6304466398302,137.82418093259395,155659200
